source	destination	base_blob_sha
.agent-loop/initiatives/WS-ARCH-001-modular-monolith-boundaries/CHUNK_MAP.md	.commitrail/initiatives/WS-ARCH-001/pre-cutover/CHUNK_MAP.md	dd3a5d8b4a6b20a394ad644ec4eef29c34ddef57
.agent-loop/initiatives/WS-ARCH-001-modular-monolith-boundaries/DECISIONS.md	.commitrail/initiatives/WS-ARCH-001/pre-cutover/DECISIONS.md	1aeaa4f3972e00708648eb312917dc9c22890fcc
.agent-loop/initiatives/WS-ARCH-001-modular-monolith-boundaries/DISCOVERY.md	.commitrail/initiatives/WS-ARCH-001/pre-cutover/DISCOVERY.md	3254bfce79c5fd67af17ca90d4cdf6a9a1d4777d
.agent-loop/initiatives/WS-ARCH-001-modular-monolith-boundaries/INTENT.md	.commitrail/initiatives/WS-ARCH-001/pre-cutover/INTENT.md	c61d29561d58b202b819d77497ca7097bf3e7348
.agent-loop/initiatives/WS-ARCH-001-modular-monolith-boundaries/PLAN.md	.commitrail/initiatives/WS-ARCH-001/pre-cutover/PLAN.md	49af82986c24223e568ffdf30c43a00e72f2bcfb
.agent-loop/initiatives/WS-ARCH-001-modular-monolith-boundaries/RISKS.md	.commitrail/initiatives/WS-ARCH-001/pre-cutover/RISKS.md	3232bdd0ed59a43bde0257085c5de5442e3056ae
.agent-loop/initiatives/WS-ARCH-001-modular-monolith-boundaries/STATUS.md	.commitrail/initiatives/WS-ARCH-001/pre-cutover/STATUS.md	5e610de8a6663bc409fea28e7a3efbfac67ab7ad
.agent-loop/initiatives/WS-ARCH-001-modular-monolith-boundaries/chunks/WS-ARCH-001-01-boundary-foundation.md	.commitrail/initiatives/WS-ARCH-001/pre-cutover/chunks/WS-ARCH-001-01-boundary-foundation.md	d1f679fa84a4ca2cef4fe523d1bbc50d7efa25ef
.agent-loop/initiatives/WS-ARCH-001-modular-monolith-boundaries/chunks/WS-ARCH-001-02-submission-capability-repair.md	.commitrail/initiatives/WS-ARCH-001/pre-cutover/chunks/WS-ARCH-001-02-submission-capability-repair.md	befba23cfb341d961b223928fb4500dcd165a4e6
.agent-loop/initiatives/WS-ARCH-001-modular-monolith-boundaries/chunks/WS-ARCH-001-02A-task-submission-context-api.md	.commitrail/initiatives/WS-ARCH-001/pre-cutover/chunks/WS-ARCH-001-02A-task-submission-context-api.md	39e1cff6129232d8e9f731e96efa2ce45a460eda
.agent-loop/initiatives/WS-ARCH-001-modular-monolith-boundaries/chunks/WS-ARCH-001-02B-project-locked-policy-api.md	.commitrail/initiatives/WS-ARCH-001/pre-cutover/chunks/WS-ARCH-001-02B-project-locked-policy-api.md	ec5314cf89ee9a70881b150ea6060506c7d2fb70
.agent-loop/initiatives/WS-ARCH-001-modular-monolith-boundaries/chunks/WS-ARCH-001-02C-checker-pre-submit-api.md	.commitrail/initiatives/WS-ARCH-001/pre-cutover/chunks/WS-ARCH-001-02C-checker-pre-submit-api.md	dc958b20da8d7b38a5eb29973a808afc40fd256e
.agent-loop/initiatives/WS-ARCH-001-modular-monolith-boundaries/chunks/WS-ARCH-001-02D-art-preparation-public-api.md	.commitrail/initiatives/WS-ARCH-001/pre-cutover/chunks/WS-ARCH-001-02D-art-preparation-public-api.md	6e4ad5e4fae34063fe09b2b9a3d45689ff2d16d2
.agent-loop/initiatives/WS-ARCH-001-modular-monolith-boundaries/chunks/WS-ARCH-001-02E-art-admission-binding-api.md	.commitrail/initiatives/WS-ARCH-001/pre-cutover/chunks/WS-ARCH-001-02E-art-admission-binding-api.md	b9d94e991dfc8fe75f1a279662a21f7636170e2e
.agent-loop/initiatives/WS-ARCH-001-modular-monolith-boundaries/chunks/WS-ARCH-001-02F-task-submission-composition.md	.commitrail/initiatives/WS-ARCH-001/pre-cutover/chunks/WS-ARCH-001-02F-task-submission-composition.md	60c0855e6464a8970c77805120381f6664e987e5
.agent-loop/initiatives/WS-ARCH-001-modular-monolith-boundaries/chunks/WS-ARCH-001-02G-auth-preparation-activation.md	.commitrail/initiatives/WS-ARCH-001/pre-cutover/chunks/WS-ARCH-001-02G-auth-preparation-activation.md	37c4331f67b90ca127cf79ab8e2923031d9d7bbc
.agent-loop/initiatives/WS-ARCH-001-modular-monolith-boundaries/chunks/WS-ARCH-001-02H-auth-consumption-activation.md	.commitrail/initiatives/WS-ARCH-001/pre-cutover/chunks/WS-ARCH-001-02H-auth-consumption-activation.md	4f3ad5fdb2471561da2cc433c812b161ddf0a6f1
.agent-loop/initiatives/WS-ARCH-001-modular-monolith-boundaries/chunks/WS-ARCH-001-02I-submission-api-cutover.md	.commitrail/initiatives/WS-ARCH-001/pre-cutover/chunks/WS-ARCH-001-02I-submission-api-cutover.md	bcc2d048124de40a3232a56a64aa9083479d8136
.agent-loop/initiatives/WS-ARCH-001-modular-monolith-boundaries/chunks/WS-ARCH-001-03-project-task-capabilities.md	.commitrail/initiatives/WS-ARCH-001/pre-cutover/chunks/WS-ARCH-001-03-project-task-capabilities.md	679187351ff2a5469439a6846f3fc386adcabccf
.agent-loop/initiatives/WS-ARCH-001-modular-monolith-boundaries/chunks/WS-ARCH-001-03A-project-current-generation-api.md	.commitrail/initiatives/WS-ARCH-001/pre-cutover/chunks/WS-ARCH-001-03A-project-current-generation-api.md	996b30f04e9edd31b5a914442272065e08bb5cc7
.agent-loop/initiatives/WS-ARCH-001-modular-monolith-boundaries/chunks/WS-ARCH-001-03B-task-assignment-api.md	.commitrail/initiatives/WS-ARCH-001/pre-cutover/chunks/WS-ARCH-001-03B-task-assignment-api.md	e09f4403e400219a82b667729e4f394ab8fb0f13
.agent-loop/initiatives/WS-ARCH-001-modular-monolith-boundaries/chunks/WS-ARCH-001-03C-auth-task-readiness.md	.commitrail/initiatives/WS-ARCH-001/pre-cutover/chunks/WS-ARCH-001-03C-auth-task-readiness.md	262560d799425b54b45ca8801a4aaf13727c6fed
.agent-loop/initiatives/WS-ARCH-001-modular-monolith-boundaries/chunks/WS-ARCH-001-04-checker-capabilities.md	.commitrail/initiatives/WS-ARCH-001/pre-cutover/chunks/WS-ARCH-001-04-checker-capabilities.md	f80a92ea8557c162df341312c8192867a4f64f5b
.agent-loop/initiatives/WS-ARCH-001-modular-monolith-boundaries/chunks/WS-ARCH-001-04A-checker-post-submit-api.md	.commitrail/initiatives/WS-ARCH-001/pre-cutover/chunks/WS-ARCH-001-04A-checker-post-submit-api.md	5dac3fe1740cea6553ed55a2adb3a14643c11130
.agent-loop/initiatives/WS-ARCH-001-modular-monolith-boundaries/chunks/WS-ARCH-001-04B-art-post-submit-materialization.md	.commitrail/initiatives/WS-ARCH-001/pre-cutover/chunks/WS-ARCH-001-04B-art-post-submit-materialization.md	571aaf260f215257a1592f9b26a89954f1a72499
.agent-loop/initiatives/WS-ARCH-001-modular-monolith-boundaries/chunks/WS-ARCH-001-04C-checker-current-result.md	.commitrail/initiatives/WS-ARCH-001/pre-cutover/chunks/WS-ARCH-001-04C-checker-current-result.md	05365483ebbd1b3aa3f4a8ccfd2abee015f236f8
.agent-loop/initiatives/WS-ARCH-001-modular-monolith-boundaries/chunks/WS-ARCH-001-04D-auth-post-submit-activation.md	.commitrail/initiatives/WS-ARCH-001/pre-cutover/chunks/WS-ARCH-001-04D-auth-post-submit-activation.md	a09aa6224a8e454031c7f555fa68a01ce5f10ae8
.agent-loop/initiatives/WS-ARCH-001-modular-monolith-boundaries/chunks/WS-ARCH-001-04E-canonical-allow-review.md	.commitrail/initiatives/WS-ARCH-001/pre-cutover/chunks/WS-ARCH-001-04E-canonical-allow-review.md	a049b13002d43bcfc56c8c7fd2d4168c6d767c7d
.agent-loop/initiatives/WS-ARCH-001-modular-monolith-boundaries/chunks/WS-ARCH-001-04F-checker-remediation.md	.commitrail/initiatives/WS-ARCH-001/pre-cutover/chunks/WS-ARCH-001-04F-checker-remediation.md	1b2938259d9ebb48ed18b44aabb74c22b114f2ee
.agent-loop/initiatives/WS-ARCH-001-modular-monolith-boundaries/chunks/WS-ARCH-001-05-review-capabilities.md	.commitrail/initiatives/WS-ARCH-001/pre-cutover/chunks/WS-ARCH-001-05-review-capabilities.md	67ebb4db8f1e2bc4e2b829d8df6bea4b00114b05
.agent-loop/initiatives/WS-ARCH-001-modular-monolith-boundaries/chunks/WS-ARCH-001-06-contribution-compensation-capabilities.md	.commitrail/initiatives/WS-ARCH-001/pre-cutover/chunks/WS-ARCH-001-06-contribution-compensation-capabilities.md	07a5a79c5d47d87f7f95fc778d61ee37b617420a
.agent-loop/initiatives/WS-ARCH-001-modular-monolith-boundaries/chunks/WS-ARCH-001-07-closure.md	.commitrail/initiatives/WS-ARCH-001/pre-cutover/chunks/WS-ARCH-001-07-closure.md	b44220f1bdb0ec2d2bb2639126635d801ef4670f
.agent-loop/initiatives/WS-ARCH-001-modular-monolith-boundaries/chunks/WS-ARCH-001-CP01-auth-policy-registration.md	.commitrail/initiatives/WS-ARCH-001/pre-cutover/chunks/WS-ARCH-001-CP01-auth-policy-registration.md	1ea88183aa9563579e17ba070b5230b8b24c1ae9
.agent-loop/initiatives/WS-ARCH-001-modular-monolith-boundaries/chunks/WS-ARCH-001-CP01A-auth-adapter-binding-registration.md	.commitrail/initiatives/WS-ARCH-001/pre-cutover/chunks/WS-ARCH-001-CP01A-auth-adapter-binding-registration.md	f0e4799bba84d66eb5bf6207f37d2ea866e2053f
.agent-loop/initiatives/WS-ARCH-001-modular-monolith-boundaries/chunks/WS-ARCH-001-CP01B-auth-contribution-policy-registration.md	.commitrail/initiatives/WS-ARCH-001/pre-cutover/chunks/WS-ARCH-001-CP01B-auth-contribution-policy-registration.md	ddd07d2ec4057ed1617d472841ffc91300ee1cb6
.agent-loop/initiatives/WS-ARCH-001-modular-monolith-boundaries/chunks/WS-ARCH-001-CP01C-auth-adapter-binding-fact-correction.md	.commitrail/initiatives/WS-ARCH-001/pre-cutover/chunks/WS-ARCH-001-CP01C-auth-adapter-binding-fact-correction.md	1cbd8efc9f91ed577a22103ae0e8fca0a80d0be8
.agent-loop/initiatives/WS-ARCH-001-modular-monolith-boundaries/chunks/WS-ARCH-001-CP02-con-binding-behavior.md	.commitrail/initiatives/WS-ARCH-001/pre-cutover/chunks/WS-ARCH-001-CP02-con-binding-behavior.md	1185b9627f3765fb984c1435780ee4dfd206535d
.agent-loop/initiatives/WS-ARCH-001-modular-monolith-boundaries/chunks/WS-ARCH-001-CP03-auth-binding-activation.md	.commitrail/initiatives/WS-ARCH-001/pre-cutover/chunks/WS-ARCH-001-CP03-auth-binding-activation.md	88cf2481da052a57ed3a7fede3b160711bd66860
.agent-loop/initiatives/WS-ARCH-001-modular-monolith-boundaries/chunks/WS-ARCH-001-CP03A-owner-eligibility.md	.commitrail/initiatives/WS-ARCH-001/pre-cutover/chunks/WS-ARCH-001-CP03A-owner-eligibility.md	c9c5f4643cb9f6d45bf49e2d7d934fae10c7277d
.agent-loop/initiatives/WS-ARCH-001-modular-monolith-boundaries/chunks/WS-ARCH-001-CP03B-auth-binding-activation.md	.commitrail/initiatives/WS-ARCH-001/pre-cutover/chunks/WS-ARCH-001-CP03B-auth-binding-activation.md	57a9c58779a979c7b6d949a3fb6a289939d59285
.agent-loop/initiatives/WS-ARCH-001-modular-monolith-boundaries/chunks/WS-ARCH-001-CP04-con-policy-behavior.md	.commitrail/initiatives/WS-ARCH-001/pre-cutover/chunks/WS-ARCH-001-CP04-con-policy-behavior.md	54648910624f38291debca544f8134e05ec8d868
.agent-loop/initiatives/WS-ARCH-001-modular-monolith-boundaries/chunks/WS-ARCH-001-CP04A-con-policy-draft-behavior.md	.commitrail/initiatives/WS-ARCH-001/pre-cutover/chunks/WS-ARCH-001-CP04A-con-policy-draft-behavior.md	8844633b5e7c2eee0e0e6004ecc13b863d139e59
.agent-loop/initiatives/WS-ARCH-001-modular-monolith-boundaries/chunks/WS-ARCH-001-CP04B-con-policy-publication-behavior.md	.commitrail/initiatives/WS-ARCH-001/pre-cutover/chunks/WS-ARCH-001-CP04B-con-policy-publication-behavior.md	dffdf81f066f7ca871e76ded9206c3329052525f
.agent-loop/initiatives/WS-ARCH-001-modular-monolith-boundaries/chunks/WS-ARCH-001-CP05-auth-policy-activation.md	.commitrail/initiatives/WS-ARCH-001/pre-cutover/chunks/WS-ARCH-001-CP05-auth-policy-activation.md	0c80ae7681980e3a2b1f9c8ce0ba73f46659f973
.agent-loop/initiatives/WS-ARCH-001-modular-monolith-boundaries/chunks/WS-ARCH-001-CP06-con-policy-validation-port.md	.commitrail/initiatives/WS-ARCH-001/pre-cutover/chunks/WS-ARCH-001-CP06-con-policy-validation-port.md	bcad8bb8974f13cfd5424446ad000397063aa303
.agent-loop/initiatives/WS-ARCH-001-modular-monolith-boundaries/chunks/WS-ARCH-001-CP07-project-guide-policy-binding.md	.commitrail/initiatives/WS-ARCH-001/pre-cutover/chunks/WS-ARCH-001-CP07-project-guide-policy-binding.md	35bbc33c81847405aca60dfe930cdf0588518b90
.agent-loop/initiatives/WS-ARCH-001-modular-monolith-boundaries/chunks/WS-ARCH-001-CP08-task-attempt-policy-lineage.md	.commitrail/initiatives/WS-ARCH-001/pre-cutover/chunks/WS-ARCH-001-CP08-task-attempt-policy-lineage.md	b4a34535d348fd1d0139adc8d2f7e70699ad9787
.agent-loop/initiatives/WS-ARCH-001-modular-monolith-boundaries/chunks/WS-ARCH-001-CP09-legacy-economic-removal.md	.commitrail/initiatives/WS-ARCH-001/pre-cutover/chunks/WS-ARCH-001-CP09-legacy-economic-removal.md	846ee4c9250f926a11b776040f6030093f7f3af1
.agent-loop/initiatives/WS-ARCH-001-modular-monolith-boundaries/chunks/WS-ARCH-001-HK1-post-merge-housekeeping.md	.commitrail/initiatives/WS-ARCH-001/pre-cutover/chunks/WS-ARCH-001-HK1-post-merge-housekeeping.md	9dd5abb487d3acfe21462fe7b93ca7a3fb6e34e0
.agent-loop/initiatives/WS-ARCH-001-modular-monolith-boundaries/chunks/WS-ARCH-001-PLAN2-canonical-allow-review.md	.commitrail/initiatives/WS-ARCH-001/pre-cutover/chunks/WS-ARCH-001-PLAN2-canonical-allow-review.md	8d4fdf634a3ee7e038dd9976177d7965c1a4dc12
.agent-loop/initiatives/WS-ARCH-001-modular-monolith-boundaries/chunks/WS-ARCH-001-PLAN3-contribution-policy-cutover.md	.commitrail/initiatives/WS-ARCH-001/pre-cutover/chunks/WS-ARCH-001-PLAN3-contribution-policy-cutover.md	7bb8aab814e38e90d30038a2807d6778caab4da7
.agent-loop/initiatives/WS-ARCH-001-modular-monolith-boundaries/chunks/WS-ARCH-001-PLAN4-incremental-debt-retirement.md	.commitrail/initiatives/WS-ARCH-001/pre-cutover/chunks/WS-ARCH-001-PLAN4-incremental-debt-retirement.md	a0bb9757ee68be27049e401f9e454b7d43d27b49
.agent-loop/initiatives/WS-ARCH-001-modular-monolith-boundaries/evidence/WS-ARCH-001-02A-task-manifest.md	.commitrail/initiatives/WS-ARCH-001/pre-cutover/evidence/WS-ARCH-001-02A-task-manifest.md	de40efa301398515a107199083d744a3835ee255
.agent-loop/initiatives/WS-ARCH-001-modular-monolith-boundaries/evidence/WS-ARCH-001-02B-project-manifest.md	.commitrail/initiatives/WS-ARCH-001/pre-cutover/evidence/WS-ARCH-001-02B-project-manifest.md	15fe47d26418ba08a588ccfcb67d56130b2cdcd8
.agent-loop/initiatives/WS-ARCH-001-modular-monolith-boundaries/evidence/WS-ARCH-001-02C-checker-manifest.md	.commitrail/initiatives/WS-ARCH-001/pre-cutover/evidence/WS-ARCH-001-02C-checker-manifest.md	3a4b4463f7370b4050fe9b954059f860fa0e699e
.agent-loop/initiatives/WS-ARCH-001-modular-monolith-boundaries/evidence/WS-ARCH-001-02D-resource-manifest.md	.commitrail/initiatives/WS-ARCH-001/pre-cutover/evidence/WS-ARCH-001-02D-resource-manifest.md	238c4d09711c6dcf183b01c05a53035c5720af9f
.agent-loop/initiatives/WS-ARCH-001-modular-monolith-boundaries/evidence/WS-ARCH-001-02E-admission-binding-manifest.md	.commitrail/initiatives/WS-ARCH-001/pre-cutover/evidence/WS-ARCH-001-02E-admission-binding-manifest.md	9e8712be15c482de85440e01ae3658cf580f77b8
.agent-loop/initiatives/WS-ARCH-001-modular-monolith-boundaries/evidence/WS-ARCH-001-02F-transaction-manifest.md	.commitrail/initiatives/WS-ARCH-001/pre-cutover/evidence/WS-ARCH-001-02F-transaction-manifest.md	ca4716e5c935190d18f26626777875b15f2b2522
.agent-loop/initiatives/WS-ARCH-001-modular-monolith-boundaries/evidence/WS-ARCH-001-02G-preparation-activation.md	.commitrail/initiatives/WS-ARCH-001/pre-cutover/evidence/WS-ARCH-001-02G-preparation-activation.md	e52dfed8e955ef2d82fb33a2e0507eca4fd2439f
.agent-loop/initiatives/WS-ARCH-001-modular-monolith-boundaries/evidence/WS-ARCH-001-02H-consumption-activation.md	.commitrail/initiatives/WS-ARCH-001/pre-cutover/evidence/WS-ARCH-001-02H-consumption-activation.md	2eeb63cd17856d11109d9ec145164a0dab2d7f59
.agent-loop/initiatives/WS-ARCH-001-modular-monolith-boundaries/reviews/WS-ARCH-001-02-plan-review.md	.commitrail/initiatives/WS-ARCH-001/pre-cutover/reviews/WS-ARCH-001-02-plan-review.md	536bd0e7e691d8530380fb2d32dd3ae0561508b3
.agent-loop/initiatives/WS-ARCH-001-modular-monolith-boundaries/reviews/WS-ARCH-001-02A-external-review-response.md	.commitrail/initiatives/WS-ARCH-001/pre-cutover/reviews/WS-ARCH-001-02A-external-review-response.md	9e99918322d1a8bc3042708a7e953a26faf07da5
.agent-loop/initiatives/WS-ARCH-001-modular-monolith-boundaries/reviews/WS-ARCH-001-02B-external-review-response.md	.commitrail/initiatives/WS-ARCH-001/pre-cutover/reviews/WS-ARCH-001-02B-external-review-response.md	2702f37cc4d22b763ac17cf881c672d0ea505360
.agent-loop/initiatives/WS-ARCH-001-modular-monolith-boundaries/reviews/WS-ARCH-001-02C-external-review-response.md	.commitrail/initiatives/WS-ARCH-001/pre-cutover/reviews/WS-ARCH-001-02C-external-review-response.md	3c35422f633a4079fd06698eac5cea9ad9e921d1
.agent-loop/initiatives/WS-ARCH-001-modular-monolith-boundaries/reviews/WS-ARCH-001-02F-external-review-response.md	.commitrail/initiatives/WS-ARCH-001/pre-cutover/reviews/WS-ARCH-001-02F-external-review-response.md	04270465a031a73814777ea86bac89fc6708fc30
.agent-loop/initiatives/WS-ARCH-001-modular-monolith-boundaries/reviews/WS-ARCH-001-02H-external-review-response.md	.commitrail/initiatives/WS-ARCH-001/pre-cutover/reviews/WS-ARCH-001-02H-external-review-response.md	d718efd8e04485cc5aca50e9077f06e8f2daccd4
.agent-loop/initiatives/WS-ARCH-001-modular-monolith-boundaries/reviews/WS-ARCH-001-CP01-split-external-review-response.md	.commitrail/initiatives/WS-ARCH-001/pre-cutover/reviews/WS-ARCH-001-CP01-split-external-review-response.md	084591a10045f7189e654069b7f9eb3b64c390c0
.agent-loop/initiatives/WS-ARCH-001-modular-monolith-boundaries/reviews/WS-ARCH-001-CP01B-external-review-response.md	.commitrail/initiatives/WS-ARCH-001/pre-cutover/reviews/WS-ARCH-001-CP01B-external-review-response.md	0d653f6447f17cf8fcd82d1214efd9d2d98c5325
.agent-loop/initiatives/WS-ARCH-001-modular-monolith-boundaries/reviews/WS-ARCH-001-CP01B-pr-trust-bundle.md	.commitrail/initiatives/WS-ARCH-001/pre-cutover/reviews/WS-ARCH-001-CP01B-pr-trust-bundle.md	2e41a759205dc88eb53c9131cbae3fbad404f624
.agent-loop/initiatives/WS-ARCH-001-modular-monolith-boundaries/reviews/WS-ARCH-001-CP01C-external-review-response.md	.commitrail/initiatives/WS-ARCH-001/pre-cutover/reviews/WS-ARCH-001-CP01C-external-review-response.md	ff157aec23507987dc9d5cc6477cacc73a388458
.agent-loop/initiatives/WS-ARCH-001-modular-monolith-boundaries/reviews/WS-ARCH-001-CP01C-internal-review-evidence.md	.commitrail/initiatives/WS-ARCH-001/pre-cutover/reviews/WS-ARCH-001-CP01C-internal-review-evidence.md	411da4d3b0c11e30830c91d375909a69dd9507ac
.agent-loop/initiatives/WS-ARCH-001-modular-monolith-boundaries/reviews/WS-ARCH-001-CP01C-pr-trust-bundle.md	.commitrail/initiatives/WS-ARCH-001/pre-cutover/reviews/WS-ARCH-001-CP01C-pr-trust-bundle.md	ea8c4fdf39755aff935a0337122eb8b6333656d3
.agent-loop/initiatives/WS-ARCH-001-modular-monolith-boundaries/reviews/WS-ARCH-001-CP02-external-review-response.md	.commitrail/initiatives/WS-ARCH-001/pre-cutover/reviews/WS-ARCH-001-CP02-external-review-response.md	6d3db20caf51398bd01774aa7ef98648935ded7c
.agent-loop/initiatives/WS-ARCH-001-modular-monolith-boundaries/reviews/WS-ARCH-001-CP02-implementation-review-evidence.md	.commitrail/initiatives/WS-ARCH-001/pre-cutover/reviews/WS-ARCH-001-CP02-implementation-review-evidence.md	97b8718596a14b0881a5ac1c1f36a261ee0b80c9
.agent-loop/initiatives/WS-ARCH-001-modular-monolith-boundaries/reviews/WS-ARCH-001-CP02-plan-review-evidence.md	.commitrail/initiatives/WS-ARCH-001/pre-cutover/reviews/WS-ARCH-001-CP02-plan-review-evidence.md	68e7fc44c5e535dfce4d0f0bde040663413d65ee
.agent-loop/initiatives/WS-ARCH-001-modular-monolith-boundaries/reviews/WS-ARCH-001-CP02-pr-trust-bundle.md	.commitrail/initiatives/WS-ARCH-001/pre-cutover/reviews/WS-ARCH-001-CP02-pr-trust-bundle.md	cad01356260e10210aecf9b5629919135af6cc5f
.agent-loop/initiatives/WS-ARCH-001-modular-monolith-boundaries/reviews/WS-ARCH-001-CP03-plan-review-evidence.md	.commitrail/initiatives/WS-ARCH-001/pre-cutover/reviews/WS-ARCH-001-CP03-plan-review-evidence.md	0ea93b97d8ca2fb426b363f2c23ffacdd2d9c2b7
.agent-loop/initiatives/WS-ARCH-001-modular-monolith-boundaries/reviews/WS-ARCH-001-CP03-pr-trust-bundle.md	.commitrail/initiatives/WS-ARCH-001/pre-cutover/reviews/WS-ARCH-001-CP03-pr-trust-bundle.md	c2fbe4f8cf23abf56abf0312853be8c0a99bc458
.agent-loop/initiatives/WS-ARCH-001-modular-monolith-boundaries/reviews/WS-ARCH-001-CP03A-external-review-response.md	.commitrail/initiatives/WS-ARCH-001/pre-cutover/reviews/WS-ARCH-001-CP03A-external-review-response.md	fcc5e4b7dfa910e06a2d6ffeb3346e914b164774
.agent-loop/initiatives/WS-ARCH-001-modular-monolith-boundaries/reviews/WS-ARCH-001-CP03A-implementation-review-evidence.md	.commitrail/initiatives/WS-ARCH-001/pre-cutover/reviews/WS-ARCH-001-CP03A-implementation-review-evidence.md	ac09fe5a107e9f46744a3bc38ab8b8ff499e9d99
.agent-loop/initiatives/WS-ARCH-001-modular-monolith-boundaries/reviews/WS-ARCH-001-CP03A-pr-trust-bundle.md	.commitrail/initiatives/WS-ARCH-001/pre-cutover/reviews/WS-ARCH-001-CP03A-pr-trust-bundle.md	e0aff35416bd38dd4aaa8463a481f53c476d6122
.agent-loop/initiatives/WS-ARCH-001-modular-monolith-boundaries/reviews/WS-ARCH-001-CP03B-external-review-response.md	.commitrail/initiatives/WS-ARCH-001/pre-cutover/reviews/WS-ARCH-001-CP03B-external-review-response.md	e6e6136a00896e5d6df93b761a399d86a93fab57
.agent-loop/initiatives/WS-ARCH-001-modular-monolith-boundaries/reviews/WS-ARCH-001-CP04-external-review-response.md	.commitrail/initiatives/WS-ARCH-001/pre-cutover/reviews/WS-ARCH-001-CP04-external-review-response.md	53aa6d8de15857de45e9166a9da23f52eea8c45b
.agent-loop/initiatives/WS-ARCH-001-modular-monolith-boundaries/reviews/WS-ARCH-001-CP04-plan-review-evidence.md	.commitrail/initiatives/WS-ARCH-001/pre-cutover/reviews/WS-ARCH-001-CP04-plan-review-evidence.md	1b8e0fe2be002631da9cbce3697d5637b49181af
.agent-loop/initiatives/WS-ARCH-001-modular-monolith-boundaries/reviews/WS-ARCH-001-CP04-pr-trust-bundle.md	.commitrail/initiatives/WS-ARCH-001/pre-cutover/reviews/WS-ARCH-001-CP04-pr-trust-bundle.md	a5436c253a338f7d07a6c29ff6c0058b7339810a
.agent-loop/initiatives/WS-ARCH-001-modular-monolith-boundaries/reviews/WS-ARCH-001-CP04A-external-review-response.md	.commitrail/initiatives/WS-ARCH-001/pre-cutover/reviews/WS-ARCH-001-CP04A-external-review-response.md	5aeb456c7d56e1c6e495f9078ec0e4728a6fbb48
.agent-loop/initiatives/WS-ARCH-001-modular-monolith-boundaries/reviews/WS-ARCH-001-CP04A-implementation-review-evidence.md	.commitrail/initiatives/WS-ARCH-001/pre-cutover/reviews/WS-ARCH-001-CP04A-implementation-review-evidence.md	950cf1f5e6f010948a878637aabd62f9e2ae533b
.agent-loop/initiatives/WS-ARCH-001-modular-monolith-boundaries/reviews/WS-ARCH-001-CP04A-pr-trust-bundle.md	.commitrail/initiatives/WS-ARCH-001/pre-cutover/reviews/WS-ARCH-001-CP04A-pr-trust-bundle.md	b2f7aae53c4a69791dd7a89813408b345e169819
.agent-loop/initiatives/WS-ARCH-001-modular-monolith-boundaries/reviews/WS-ARCH-001-CP04B-external-review-response.md	.commitrail/initiatives/WS-ARCH-001/pre-cutover/reviews/WS-ARCH-001-CP04B-external-review-response.md	c1ce96791828816b69f9dcf9bc9dbc820f657c5c
.agent-loop/initiatives/WS-ARCH-001-modular-monolith-boundaries/reviews/WS-ARCH-001-PLAN-internal-review.md	.commitrail/initiatives/WS-ARCH-001/pre-cutover/reviews/WS-ARCH-001-PLAN-internal-review.md	46c4e86624caedab447c12d5d70ddceab1e144c7
.agent-loop/initiatives/WS-ARCH-001-modular-monolith-boundaries/reviews/WS-ARCH-001-PLAN2-external-review-response.md	.commitrail/initiatives/WS-ARCH-001/pre-cutover/reviews/WS-ARCH-001-PLAN2-external-review-response.md	39d6955181adf397b039e1e4f37189fabdf659a8
.agent-loop/initiatives/WS-ARCH-001-modular-monolith-boundaries/reviews/WS-ARCH-001-PLAN2-internal-review.md	.commitrail/initiatives/WS-ARCH-001/pre-cutover/reviews/WS-ARCH-001-PLAN2-internal-review.md	6ff047fb2faf129f3960c7d5a1cfe173d2fc7897
.agent-loop/initiatives/WS-ARCH-001-modular-monolith-boundaries/reviews/WS-ARCH-001-PLAN3-external-review-response.md	.commitrail/initiatives/WS-ARCH-001/pre-cutover/reviews/WS-ARCH-001-PLAN3-external-review-response.md	9e243fc72e186d7c4e3b7a5342acdaf5fd9c9767
.agent-loop/initiatives/WS-ART-001-immutable-artifact-storage/AUTH_HANDOFF.md	.commitrail/initiatives/WS-ART-001/pre-cutover/AUTH_HANDOFF.md	9a49e24556756957ac6f1996674a84cf2acef4e0
.agent-loop/initiatives/WS-ART-001-immutable-artifact-storage/CHUNK_MAP.md	.commitrail/initiatives/WS-ART-001/pre-cutover/CHUNK_MAP.md	b3f01f2a72bc0baeb53d57e06432a5f5d00bad0a
.agent-loop/initiatives/WS-ART-001-immutable-artifact-storage/DECISIONS.md	.commitrail/initiatives/WS-ART-001/pre-cutover/DECISIONS.md	df18c825592c9d4469de92fc60bee9f295cd0b4d
.agent-loop/initiatives/WS-ART-001-immutable-artifact-storage/DISCOVERY.md	.commitrail/initiatives/WS-ART-001/pre-cutover/DISCOVERY.md	52c49c02da262b2e5956dd201f3c6b9af2bf53d1
.agent-loop/initiatives/WS-ART-001-immutable-artifact-storage/INTENT.md	.commitrail/initiatives/WS-ART-001/pre-cutover/INTENT.md	55427b8548aad7afb1531c4ed6dc6236118ab9ab
.agent-loop/initiatives/WS-ART-001-immutable-artifact-storage/PLAN.md	.commitrail/initiatives/WS-ART-001/pre-cutover/PLAN.md	f0de2b14252c05b180b5efdd51c77a6dbd646f9e
.agent-loop/initiatives/WS-ART-001-immutable-artifact-storage/REVIEW_LOG.md	.commitrail/initiatives/WS-ART-001/pre-cutover/REVIEW_LOG.md	fe4d75db72fa83f92b6b3bd48678799ce9601727
.agent-loop/initiatives/WS-ART-001-immutable-artifact-storage/RISKS.md	.commitrail/initiatives/WS-ART-001/pre-cutover/RISKS.md	aa5e6d4f21d8fed3e6a6768910e223c0cc1feb6d
.agent-loop/initiatives/WS-ART-001-immutable-artifact-storage/STATUS.md	.commitrail/initiatives/WS-ART-001/pre-cutover/STATUS.md	5ee2094481168605d599e48a78ecd7eecf1b765b
.agent-loop/initiatives/WS-ART-001-immutable-artifact-storage/chunks/WS-ART-001-01-artifact-domain-local-adapter.md	.commitrail/initiatives/WS-ART-001/pre-cutover/chunks/WS-ART-001-01-artifact-domain-local-adapter.md	aa8638d03058499701f3a4a70321e63d224782e1
.agent-loop/initiatives/WS-ART-001-immutable-artifact-storage/chunks/WS-ART-001-02A1-external-service-adapter-foundation.md	.commitrail/initiatives/WS-ART-001/pre-cutover/chunks/WS-ART-001-02A1-external-service-adapter-foundation.md	6a1975c8e987049728111bc1d1bf8bbf3d362e86
.agent-loop/initiatives/WS-ART-001-immutable-artifact-storage/chunks/WS-ART-001-02A2-committed-source-local-preparation.md	.commitrail/initiatives/WS-ART-001/pre-cutover/chunks/WS-ART-001-02A2-committed-source-local-preparation.md	603470d37d5435fe2fcc299015672bcabbcb8749
.agent-loop/initiatives/WS-ART-001-immutable-artifact-storage/chunks/WS-ART-001-02A3-artifact-store-v2-local-clean-cut.md	.commitrail/initiatives/WS-ART-001/pre-cutover/chunks/WS-ART-001-02A3-artifact-store-v2-local-clean-cut.md	0d4c66b0e3a702dfb42dd8be39c968d5772f6bae
.agent-loop/initiatives/WS-ART-001-immutable-artifact-storage/chunks/WS-ART-001-02B1-s3-compatible-minio-aws.md	.commitrail/initiatives/WS-ART-001/pre-cutover/chunks/WS-ART-001-02B1-s3-compatible-minio-aws.md	2fd08355e8d0addb6b56b1268a6acbed7349e8a7
.agent-loop/initiatives/WS-ART-001-immutable-artifact-storage/chunks/WS-ART-001-02C1-admission-put-attempt-foundation.md	.commitrail/initiatives/WS-ART-001/pre-cutover/chunks/WS-ART-001-02C1-admission-put-attempt-foundation.md	9ce5fc1c8e6f6598f62909699e2093a6a357c385
.agent-loop/initiatives/WS-ART-001-immutable-artifact-storage/chunks/WS-ART-001-02C2-verification-publication-fencing.md	.commitrail/initiatives/WS-ART-001/pre-cutover/chunks/WS-ART-001-02C2-verification-publication-fencing.md	51a7efbb9efbef9af2fa18febed8a9d01f2f4914
.agent-loop/initiatives/WS-ART-001-immutable-artifact-storage/chunks/WS-ART-001-02C3-recovery-attempt-idempotency.md	.commitrail/initiatives/WS-ART-001/pre-cutover/chunks/WS-ART-001-02C3-recovery-attempt-idempotency.md	edf88426f108750c90d9e1ab56457231b516797c
.agent-loop/initiatives/WS-ART-001-immutable-artifact-storage/chunks/WS-ART-001-02D-operator-artifact-operations.md	.commitrail/initiatives/WS-ART-001/pre-cutover/chunks/WS-ART-001-02D-operator-artifact-operations.md	4b3b679f9483bc3235b465400046d21c522dc6f6
.agent-loop/initiatives/WS-ART-001-immutable-artifact-storage/chunks/WS-ART-001-03-guide-source-cutover.md	.commitrail/initiatives/WS-ART-001/pre-cutover/chunks/WS-ART-001-03-guide-source-cutover.md	6e61a7a110ae4ccae6c22f6d7a06d2649eb1bf12
.agent-loop/initiatives/WS-ART-001-immutable-artifact-storage/chunks/WS-ART-001-03A-guide-source-byte-ingest.md	.commitrail/initiatives/WS-ART-001/pre-cutover/chunks/WS-ART-001-03A-guide-source-byte-ingest.md	a17afe2ee5cefdf0ca2979b90496ef2e29cb57f2
.agent-loop/initiatives/WS-ART-001-immutable-artifact-storage/chunks/WS-ART-001-03B-guide-source-binding-materialization.md	.commitrail/initiatives/WS-ART-001/pre-cutover/chunks/WS-ART-001-03B-guide-source-binding-materialization.md	ffbdae2d1cd5989a42a3d1958331e095a775dbe9
.agent-loop/initiatives/WS-ART-001-immutable-artifact-storage/chunks/WS-ART-001-03B1-guide-binding-generation.md	.commitrail/initiatives/WS-ART-001/pre-cutover/chunks/WS-ART-001-03B1-guide-binding-generation.md	e49d2ea9d52462fd9ef5c791aabb3b4792e2d721
.agent-loop/initiatives/WS-ART-001-immutable-artifact-storage/chunks/WS-ART-001-03B2-guide-materialization-classification.md	.commitrail/initiatives/WS-ART-001/pre-cutover/chunks/WS-ART-001-03B2-guide-materialization-classification.md	c18bd983b9332b0bd7fdf553ae3cc2b00e8b9fee
.agent-loop/initiatives/WS-ART-001-immutable-artifact-storage/chunks/WS-ART-001-03B3A-extraction-framework-text.md	.commitrail/initiatives/WS-ART-001/pre-cutover/chunks/WS-ART-001-03B3A-extraction-framework-text.md	85b1c13f27ace6f11d71320fa1972cf8dc4f0b1f
.agent-loop/initiatives/WS-ART-001-immutable-artifact-storage/chunks/WS-ART-001-03B3B1-parser-dependency-approval.md	.commitrail/initiatives/WS-ART-001/pre-cutover/chunks/WS-ART-001-03B3B1-parser-dependency-approval.md	7ab47819ac2c4f0bba6329cf6a073b8bbb9dce5d
.agent-loop/initiatives/WS-ART-001-immutable-artifact-storage/chunks/WS-ART-001-03B3B1R1-linux-architecture-portability.md	.commitrail/initiatives/WS-ART-001/pre-cutover/chunks/WS-ART-001-03B3B1R1-linux-architecture-portability.md	c924566a2b9f19146c7f04f88e1190f75a7d54f6
.agent-loop/initiatives/WS-ART-001-immutable-artifact-storage/chunks/WS-ART-001-03B3B2-pdf-extractor.md	.commitrail/initiatives/WS-ART-001/pre-cutover/chunks/WS-ART-001-03B3B2-pdf-extractor.md	04f0d84949a6258082527c5b9d43199818f9086c
.agent-loop/initiatives/WS-ART-001-immutable-artifact-storage/chunks/WS-ART-001-03B3B3A-ooxml-container-security.md	.commitrail/initiatives/WS-ART-001/pre-cutover/chunks/WS-ART-001-03B3B3A-ooxml-container-security.md	4269cdc9f2b26b146919651f776d13cbcf08e197
.agent-loop/initiatives/WS-ART-001-immutable-artifact-storage/chunks/WS-ART-001-03B3B3B-docx-extractor.md	.commitrail/initiatives/WS-ART-001/pre-cutover/chunks/WS-ART-001-03B3B3B-docx-extractor.md	6f0b61a74eb7649192070f775b5c3e7b7abcbf99
.agent-loop/initiatives/WS-ART-001-immutable-artifact-storage/chunks/WS-ART-001-03B3B3C-pptx-extractor.md	.commitrail/initiatives/WS-ART-001/pre-cutover/chunks/WS-ART-001-03B3B3C-pptx-extractor.md	ad47f7c2a99d8d743adacae25d8438288b33abb6
.agent-loop/initiatives/WS-ART-001-immutable-artifact-storage/chunks/WS-ART-001-03B3B3D-xlsx-extractor.md	.commitrail/initiatives/WS-ART-001/pre-cutover/chunks/WS-ART-001-03B3B3D-xlsx-extractor.md	4570eca9d38b6bab6c5199c27723f194eaef3c65
.agent-loop/initiatives/WS-ART-001-immutable-artifact-storage/chunks/WS-ART-001-03B3B4-image-metadata-extractors.md	.commitrail/initiatives/WS-ART-001/pre-cutover/chunks/WS-ART-001-03B3B4-image-metadata-extractors.md	718d349964f007dd9b87bb265e21b4774aaf87c0
.agent-loop/initiatives/WS-ART-001-immutable-artifact-storage/chunks/WS-ART-001-03B4-guide-sufficiency-continuation.md	.commitrail/initiatives/WS-ART-001/pre-cutover/chunks/WS-ART-001-03B4-guide-sufficiency-continuation.md	f969d502a3b63d955f6e0dde4ff7fa5f1e7e2ece
.agent-loop/initiatives/WS-ART-001-immutable-artifact-storage/chunks/WS-ART-001-03C-guide-source-cutover-continuation.md	.commitrail/initiatives/WS-ART-001/pre-cutover/chunks/WS-ART-001-03C-guide-source-cutover-continuation.md	9c4ca959b0505fdd3a6f1191411597b88cbd40be
.agent-loop/initiatives/WS-ART-001-immutable-artifact-storage/chunks/WS-ART-001-04A-upload-inspection-sealing.md	.commitrail/initiatives/WS-ART-001/pre-cutover/chunks/WS-ART-001-04A-upload-inspection-sealing.md	abe6458678cc3ead0abed6bea3e58668eb58e190
.agent-loop/initiatives/WS-ART-001-immutable-artifact-storage/chunks/WS-ART-001-04A1-legacy-contributor-intake-removal.md	.commitrail/initiatives/WS-ART-001/pre-cutover/chunks/WS-ART-001-04A1-legacy-contributor-intake-removal.md	2866c24da56fd115d8ea20ce6be1bc0b2fdd5aae
.agent-loop/initiatives/WS-ART-001-immutable-artifact-storage/chunks/WS-ART-001-04A2-outer-zip-safety.md	.commitrail/initiatives/WS-ART-001/pre-cutover/chunks/WS-ART-001-04A2-outer-zip-safety.md	8af01b5bb150057fcdc02277f58f9bd138289dc0
.agent-loop/initiatives/WS-ART-001-immutable-artifact-storage/chunks/WS-ART-001-04A3-semantic-manifest-change-gate.md	.commitrail/initiatives/WS-ART-001/pre-cutover/chunks/WS-ART-001-04A3-semantic-manifest-change-gate.md	4a114b84766fb51de9d16590b006c5f1298aab9e
.agent-loop/initiatives/WS-ART-001-immutable-artifact-storage/chunks/WS-ART-001-04A4-legacy-precheck-removal.md	.commitrail/initiatives/WS-ART-001/pre-cutover/chunks/WS-ART-001-04A4-legacy-precheck-removal.md	9bca335d90be9d1db2025134cdfed9d32165a7f9
.agent-loop/initiatives/WS-ART-001-immutable-artifact-storage/chunks/WS-ART-001-04B-pre-submit-admission.md	.commitrail/initiatives/WS-ART-001/pre-cutover/chunks/WS-ART-001-04B-pre-submit-admission.md	5ab01f81722a076c590560834e655c73ab9739b7
.agent-loop/initiatives/WS-ART-001-immutable-artifact-storage/chunks/WS-ART-001-04B1-default-checker-catalogue.md	.commitrail/initiatives/WS-ART-001/pre-cutover/chunks/WS-ART-001-04B1-default-checker-catalogue.md	209a4b8e7236adb6044c3c076783575a1398d095
.agent-loop/initiatives/WS-ART-001-immutable-artifact-storage/chunks/WS-ART-001-04B2-default-checker-execution.md	.commitrail/initiatives/WS-ART-001/pre-cutover/chunks/WS-ART-001-04B2-default-checker-execution.md	29bced5af2f6dfecf764abbed5def14a8f6e9db6
.agent-loop/initiatives/WS-ART-001-immutable-artifact-storage/chunks/WS-ART-001-04B3-effective-pre-submit-evidence.md	.commitrail/initiatives/WS-ART-001/pre-cutover/chunks/WS-ART-001-04B3-effective-pre-submit-evidence.md	61b7d5746c317502d1dbfc1e0beaa571f15c0bde
.agent-loop/initiatives/WS-ART-001-immutable-artifact-storage/chunks/WS-ART-001-04C-verified-submission-bundle-admission.md	.commitrail/initiatives/WS-ART-001/pre-cutover/chunks/WS-ART-001-04C-verified-submission-bundle-admission.md	63b30724d4fd532707787bb8869b9ff73fe2e3cd
.agent-loop/initiatives/WS-ART-001-immutable-artifact-storage/chunks/WS-ART-001-04C1-durable-put-intent.md	.commitrail/initiatives/WS-ART-001/pre-cutover/chunks/WS-ART-001-04C1-durable-put-intent.md	143931177eb88403f58ef78e016f9adfb7caba6c
.agent-loop/initiatives/WS-ART-001-immutable-artifact-storage/chunks/WS-ART-001-04C2-ready-admission-publication.md	.commitrail/initiatives/WS-ART-001/pre-cutover/chunks/WS-ART-001-04C2-ready-admission-publication.md	0621fb73b593ba805d2c2731ca933ed9fef95fe9
.agent-loop/initiatives/WS-ART-001-immutable-artifact-storage/chunks/WS-ART-001-05-submission-artifact-cutover.md	.commitrail/initiatives/WS-ART-001/pre-cutover/chunks/WS-ART-001-05-submission-artifact-cutover.md	733191c25af29f63f11f710ef7a5364f0e202a29
.agent-loop/initiatives/WS-ART-001-immutable-artifact-storage/chunks/WS-ART-001-05A-admission-consumption-binding.md	.commitrail/initiatives/WS-ART-001/pre-cutover/chunks/WS-ART-001-05A-admission-consumption-binding.md	f67b84f45c278f129ceab44a3563f6dc846bfaf5
.agent-loop/initiatives/WS-ART-001-immutable-artifact-storage/chunks/WS-ART-001-05B-submission-api-cutover.md	.commitrail/initiatives/WS-ART-001/pre-cutover/chunks/WS-ART-001-05B-submission-api-cutover.md	e34f4bd889fe4d6246b182e475ec8be8b5934f2e
.agent-loop/initiatives/WS-ART-001-immutable-artifact-storage/chunks/WS-ART-001-06A-checker-input-materialization.md	.commitrail/initiatives/WS-ART-001/pre-cutover/chunks/WS-ART-001-06A-checker-input-materialization.md	0d8aa2e9841f4cea143bca9e0351db3762c2feff
.agent-loop/initiatives/WS-ART-001-immutable-artifact-storage/chunks/WS-ART-001-06B-checker-output-routing.md	.commitrail/initiatives/WS-ART-001/pre-cutover/chunks/WS-ART-001-06B-checker-output-routing.md	023738ac66c73830278b439ffba1ce781e9022e8
.agent-loop/initiatives/WS-ART-001-immutable-artifact-storage/chunks/WS-ART-001-07-recovery-live-proof.md	.commitrail/initiatives/WS-ART-001/pre-cutover/chunks/WS-ART-001-07-recovery-live-proof.md	686056995f259da0d567e26a9d0600b4ded08a19
.agent-loop/initiatives/WS-ART-001-immutable-artifact-storage/chunks/WS-ART-001-07A-review-packet-materialization.md	.commitrail/initiatives/WS-ART-001/pre-cutover/chunks/WS-ART-001-07A-review-packet-materialization.md	85fc35e6fa1c4bac2b871abf928d509e3663a7fe
.agent-loop/initiatives/WS-ART-001-immutable-artifact-storage/chunks/WS-ART-001-07B-contribution-identity-handoff.md	.commitrail/initiatives/WS-ART-001/pre-cutover/chunks/WS-ART-001-07B-contribution-identity-handoff.md	2dcbc8012fd339491a8a50804dafe2bc8125dbdc
.agent-loop/initiatives/WS-ART-001-immutable-artifact-storage/chunks/WS-ART-001-08A-local-minio-lifecycle-proof.md	.commitrail/initiatives/WS-ART-001/pre-cutover/chunks/WS-ART-001-08A-local-minio-lifecycle-proof.md	33d016f3c49d66facb030307c7277c225f98b8d1
.agent-loop/initiatives/WS-ART-001-immutable-artifact-storage/chunks/WS-ART-001-08B-aws-production-readiness-proof.md	.commitrail/initiatives/WS-ART-001/pre-cutover/chunks/WS-ART-001-08B-aws-production-readiness-proof.md	b3717760e27d975db4142f44e4f3a8bda6fd3965
.agent-loop/initiatives/WS-ART-001-immutable-artifact-storage/chunks/WS-ART-001-08C-final-v01-conformance.md	.commitrail/initiatives/WS-ART-001/pre-cutover/chunks/WS-ART-001-08C-final-v01-conformance.md	229f831960e4e2299c5e5531d0d2d7e91b959100
.agent-loop/initiatives/WS-ART-001-immutable-artifact-storage/chunks/WS-ART-001-OBJECT-STORAGE-AMENDMENT.md	.commitrail/initiatives/WS-ART-001/pre-cutover/chunks/WS-ART-001-OBJECT-STORAGE-AMENDMENT.md	f89a9a3e45c973e97677eca8aa0c44b47b8a6160
.agent-loop/initiatives/WS-ART-001-immutable-artifact-storage/chunks/WS-ART-001-PLAN2-submission-bundle-reconciliation.md	.commitrail/initiatives/WS-ART-001/pre-cutover/chunks/WS-ART-001-PLAN2-submission-bundle-reconciliation.md	095d283124390f4221ad6db4189d6d0f2b7e08b7
.agent-loop/initiatives/WS-ART-001-immutable-artifact-storage/chunks/WS-ART-001-PLAN3-v01-end-to-end-reconciliation.md	.commitrail/initiatives/WS-ART-001/pre-cutover/chunks/WS-ART-001-PLAN3-v01-end-to-end-reconciliation.md	6ae39e9bd28c9371b6d99f6c38ee747700930544
.agent-loop/initiatives/WS-ART-001-immutable-artifact-storage/chunks/WS-ART-001-PLAN5-legacy-precheck-clean-cut-resequencing.md	.commitrail/initiatives/WS-ART-001/pre-cutover/chunks/WS-ART-001-PLAN5-legacy-precheck-clean-cut-resequencing.md	68dc8d79a92c9e585918492bca838cca0a29e5e0
.agent-loop/initiatives/WS-ART-001-immutable-artifact-storage/reviews/WS-ART-001-01-external-review-response.md	.commitrail/initiatives/WS-ART-001/pre-cutover/reviews/WS-ART-001-01-external-review-response.md	7f08ab1719d206d0f52ff351756083c38fc58ec8
.agent-loop/initiatives/WS-ART-001-immutable-artifact-storage/reviews/WS-ART-001-01-internal-review-evidence.md	.commitrail/initiatives/WS-ART-001/pre-cutover/reviews/WS-ART-001-01-internal-review-evidence.md	f18e013668648e5c3cdafff0c3a85bd32d890f57
.agent-loop/initiatives/WS-ART-001-immutable-artifact-storage/reviews/WS-ART-001-01-post-merge-memory-external-review-response.md	.commitrail/initiatives/WS-ART-001/pre-cutover/reviews/WS-ART-001-01-post-merge-memory-external-review-response.md	8208170bcd5861e454e6abdeb5d35c5f860c7b76
.agent-loop/initiatives/WS-ART-001-immutable-artifact-storage/reviews/WS-ART-001-01-post-merge-memory-internal-review-evidence.md	.commitrail/initiatives/WS-ART-001/pre-cutover/reviews/WS-ART-001-01-post-merge-memory-internal-review-evidence.md	68c45cbbdbc9aa682ec9e2f96cac0fad5e81fddd
.agent-loop/initiatives/WS-ART-001-immutable-artifact-storage/reviews/WS-ART-001-01-post-merge-memory-pr-trust-bundle.md	.commitrail/initiatives/WS-ART-001/pre-cutover/reviews/WS-ART-001-01-post-merge-memory-pr-trust-bundle.md	1b2c7ec01bd33a72915a09edb57b0824c2151419
.agent-loop/initiatives/WS-ART-001-immutable-artifact-storage/reviews/WS-ART-001-01-pr-trust-bundle.md	.commitrail/initiatives/WS-ART-001/pre-cutover/reviews/WS-ART-001-01-pr-trust-bundle.md	e8669f6b6b87094f51b9da9a6f28e462994fe98e
.agent-loop/initiatives/WS-ART-001-immutable-artifact-storage/reviews/WS-ART-001-02A1-external-review-response.md	.commitrail/initiatives/WS-ART-001/pre-cutover/reviews/WS-ART-001-02A1-external-review-response.md	707bc79b85f8eef9d40641304a3b2da5d878edd5
.agent-loop/initiatives/WS-ART-001-immutable-artifact-storage/reviews/WS-ART-001-02A1-internal-review-evidence.md	.commitrail/initiatives/WS-ART-001/pre-cutover/reviews/WS-ART-001-02A1-internal-review-evidence.md	799b5c45c8df5547b0eabd148b024f5faa7de517
.agent-loop/initiatives/WS-ART-001-immutable-artifact-storage/reviews/WS-ART-001-02A1-pr-trust-bundle.md	.commitrail/initiatives/WS-ART-001/pre-cutover/reviews/WS-ART-001-02A1-pr-trust-bundle.md	b0a78c722853c36405f760792a3c77f50fcf2b12
.agent-loop/initiatives/WS-ART-001-immutable-artifact-storage/reviews/WS-ART-001-02A2-external-review-response.md	.commitrail/initiatives/WS-ART-001/pre-cutover/reviews/WS-ART-001-02A2-external-review-response.md	18720d35b83df8747fdedd326656b7c3f2df982d
.agent-loop/initiatives/WS-ART-001-immutable-artifact-storage/reviews/WS-ART-001-02A2-internal-review-evidence.md	.commitrail/initiatives/WS-ART-001/pre-cutover/reviews/WS-ART-001-02A2-internal-review-evidence.md	d1887469ace6feca9744d25376893d9528a2ad77
.agent-loop/initiatives/WS-ART-001-immutable-artifact-storage/reviews/WS-ART-001-02A2-pr-trust-bundle.md	.commitrail/initiatives/WS-ART-001/pre-cutover/reviews/WS-ART-001-02A2-pr-trust-bundle.md	67d4257b5ecfa735d2e54ab671f2d310fbcd5308
.agent-loop/initiatives/WS-ART-001-immutable-artifact-storage/reviews/WS-ART-001-02A3-external-review-response.md	.commitrail/initiatives/WS-ART-001/pre-cutover/reviews/WS-ART-001-02A3-external-review-response.md	8f10faaa2c6eb918ac0bc214438dc3c6cf609140
.agent-loop/initiatives/WS-ART-001-immutable-artifact-storage/reviews/WS-ART-001-02A3-internal-review-evidence.md	.commitrail/initiatives/WS-ART-001/pre-cutover/reviews/WS-ART-001-02A3-internal-review-evidence.md	4e7375066276a2e21e5778ddce27fe9c82f785ae
.agent-loop/initiatives/WS-ART-001-immutable-artifact-storage/reviews/WS-ART-001-02A3-pr-trust-bundle.md	.commitrail/initiatives/WS-ART-001/pre-cutover/reviews/WS-ART-001-02A3-pr-trust-bundle.md	9db5369eb5591eb1932d8fe3e565c4901d5412b4
.agent-loop/initiatives/WS-ART-001-immutable-artifact-storage/reviews/WS-ART-001-02B1-external-review-response.md	.commitrail/initiatives/WS-ART-001/pre-cutover/reviews/WS-ART-001-02B1-external-review-response.md	c3a624a3cd4aede169c57afd842886f959e64a01
.agent-loop/initiatives/WS-ART-001-immutable-artifact-storage/reviews/WS-ART-001-02B1-internal-review-evidence.md	.commitrail/initiatives/WS-ART-001/pre-cutover/reviews/WS-ART-001-02B1-internal-review-evidence.md	877385e298087ea89da240da4f02911e9e8912df
.agent-loop/initiatives/WS-ART-001-immutable-artifact-storage/reviews/WS-ART-001-02B1-pr-trust-bundle.md	.commitrail/initiatives/WS-ART-001/pre-cutover/reviews/WS-ART-001-02B1-pr-trust-bundle.md	7e5ab24afe5dff8109ca830af5b10e8d8e37b8e9
.agent-loop/initiatives/WS-ART-001-immutable-artifact-storage/reviews/WS-ART-001-02C1-external-review-response.md	.commitrail/initiatives/WS-ART-001/pre-cutover/reviews/WS-ART-001-02C1-external-review-response.md	f77dca201fd97cf0cda9efe37a1640448e27d8df
.agent-loop/initiatives/WS-ART-001-immutable-artifact-storage/reviews/WS-ART-001-02C1-internal-review-evidence.md	.commitrail/initiatives/WS-ART-001/pre-cutover/reviews/WS-ART-001-02C1-internal-review-evidence.md	b988d5ba13f16113893d0e3284c73a8f41db1872
.agent-loop/initiatives/WS-ART-001-immutable-artifact-storage/reviews/WS-ART-001-02C1-pr-trust-bundle.md	.commitrail/initiatives/WS-ART-001/pre-cutover/reviews/WS-ART-001-02C1-pr-trust-bundle.md	df39978c7e85914184285ee236ce57e0d08f801a
.agent-loop/initiatives/WS-ART-001-immutable-artifact-storage/reviews/WS-ART-001-02C2-external-review-response.md	.commitrail/initiatives/WS-ART-001/pre-cutover/reviews/WS-ART-001-02C2-external-review-response.md	f5c9b391f945ab018847f27e370e63f0a464fc08
.agent-loop/initiatives/WS-ART-001-immutable-artifact-storage/reviews/WS-ART-001-02C2-internal-review-evidence.md	.commitrail/initiatives/WS-ART-001/pre-cutover/reviews/WS-ART-001-02C2-internal-review-evidence.md	eeb29224fa4b918568523c60bbf75baace0c4b87
.agent-loop/initiatives/WS-ART-001-immutable-artifact-storage/reviews/WS-ART-001-02C2-pr-trust-bundle.md	.commitrail/initiatives/WS-ART-001/pre-cutover/reviews/WS-ART-001-02C2-pr-trust-bundle.md	40966d0c7541b7e851fbd669a984b62eb98e18c4
.agent-loop/initiatives/WS-ART-001-immutable-artifact-storage/reviews/WS-ART-001-02C3-external-review-response.md	.commitrail/initiatives/WS-ART-001/pre-cutover/reviews/WS-ART-001-02C3-external-review-response.md	d3b2852a3b1ec0899794f5039bac9514af534159
.agent-loop/initiatives/WS-ART-001-immutable-artifact-storage/reviews/WS-ART-001-02C3-internal-review-evidence.md	.commitrail/initiatives/WS-ART-001/pre-cutover/reviews/WS-ART-001-02C3-internal-review-evidence.md	26b1bd37a205212bb8863189755bbdc457bd0071
.agent-loop/initiatives/WS-ART-001-immutable-artifact-storage/reviews/WS-ART-001-02C3-pr-trust-bundle.md	.commitrail/initiatives/WS-ART-001/pre-cutover/reviews/WS-ART-001-02C3-pr-trust-bundle.md	44f2d5c5b6ee2089ab14c646cf69cb617d61919c
.agent-loop/initiatives/WS-ART-001-immutable-artifact-storage/reviews/WS-ART-001-02D-external-review-response.md	.commitrail/initiatives/WS-ART-001/pre-cutover/reviews/WS-ART-001-02D-external-review-response.md	768836e81398181bb752987c31e707d983b8d385
.agent-loop/initiatives/WS-ART-001-immutable-artifact-storage/reviews/WS-ART-001-02D-internal-review-evidence.md	.commitrail/initiatives/WS-ART-001/pre-cutover/reviews/WS-ART-001-02D-internal-review-evidence.md	81eb31f1ec69a30a982bbacbc161b8d7c6ab8325
.agent-loop/initiatives/WS-ART-001-immutable-artifact-storage/reviews/WS-ART-001-02D-pr-trust-bundle.md	.commitrail/initiatives/WS-ART-001/pre-cutover/reviews/WS-ART-001-02D-pr-trust-bundle.md	843a79c81834766c32e9d596621f304566730ed1
.agent-loop/initiatives/WS-ART-001-immutable-artifact-storage/reviews/WS-ART-001-03A-external-review-response.md	.commitrail/initiatives/WS-ART-001/pre-cutover/reviews/WS-ART-001-03A-external-review-response.md	00a22397b0091688cd6fef2f62edc9ddf446cba4
.agent-loop/initiatives/WS-ART-001-immutable-artifact-storage/reviews/WS-ART-001-03A-internal-review-evidence.md	.commitrail/initiatives/WS-ART-001/pre-cutover/reviews/WS-ART-001-03A-internal-review-evidence.md	7cd567d2b0f03ce9901eebdec396add386b5fbda
.agent-loop/initiatives/WS-ART-001-immutable-artifact-storage/reviews/WS-ART-001-03A-pr-trust-bundle.md	.commitrail/initiatives/WS-ART-001/pre-cutover/reviews/WS-ART-001-03A-pr-trust-bundle.md	22031dc9444cca4666e7b2651215bdc3d3135f12
.agent-loop/initiatives/WS-ART-001-immutable-artifact-storage/reviews/WS-ART-001-03B-PLAN-external-review-response.md	.commitrail/initiatives/WS-ART-001/pre-cutover/reviews/WS-ART-001-03B-PLAN-external-review-response.md	ea797de3f6a02dce8eb4d1b4b4998b4d05cc39c4
.agent-loop/initiatives/WS-ART-001-immutable-artifact-storage/reviews/WS-ART-001-03B-PLAN-internal-review-evidence.md	.commitrail/initiatives/WS-ART-001/pre-cutover/reviews/WS-ART-001-03B-PLAN-internal-review-evidence.md	ca9e455d4bc1aea58635f36459cdda62ae87beaf
.agent-loop/initiatives/WS-ART-001-immutable-artifact-storage/reviews/WS-ART-001-03B-PLAN-pr-trust-bundle.md	.commitrail/initiatives/WS-ART-001/pre-cutover/reviews/WS-ART-001-03B-PLAN-pr-trust-bundle.md	33493f4ee580208bcbdc9e1cc08dfa84edd47c30
.agent-loop/initiatives/WS-ART-001-immutable-artifact-storage/reviews/WS-ART-001-03B1-internal-review-evidence.md	.commitrail/initiatives/WS-ART-001/pre-cutover/reviews/WS-ART-001-03B1-internal-review-evidence.md	89e662cdeef095df6a0a9b959455985f1345af8d
.agent-loop/initiatives/WS-ART-001-immutable-artifact-storage/reviews/WS-ART-001-03B1-pr-trust-bundle.md	.commitrail/initiatives/WS-ART-001/pre-cutover/reviews/WS-ART-001-03B1-pr-trust-bundle.md	dae5cedf3554a8de783155cef5cec1772ad94164
.agent-loop/initiatives/WS-ART-001-immutable-artifact-storage/reviews/WS-ART-001-03B2-external-review-response.md	.commitrail/initiatives/WS-ART-001/pre-cutover/reviews/WS-ART-001-03B2-external-review-response.md	7fce0102cdb4046880d70e1b968c7e9ae8c4ac15
.agent-loop/initiatives/WS-ART-001-immutable-artifact-storage/reviews/WS-ART-001-03B2-internal-review-evidence.md	.commitrail/initiatives/WS-ART-001/pre-cutover/reviews/WS-ART-001-03B2-internal-review-evidence.md	7dedb94100d213e943ed9ce7db3ce50c3f60eb20
.agent-loop/initiatives/WS-ART-001-immutable-artifact-storage/reviews/WS-ART-001-03B2-pr-trust-bundle.md	.commitrail/initiatives/WS-ART-001/pre-cutover/reviews/WS-ART-001-03B2-pr-trust-bundle.md	60944bb10a0d7b65cf2ad958f653d57aeb4f70b8
.agent-loop/initiatives/WS-ART-001-immutable-artifact-storage/reviews/WS-ART-001-03B3A-external-review-response.md	.commitrail/initiatives/WS-ART-001/pre-cutover/reviews/WS-ART-001-03B3A-external-review-response.md	7c5dba9ccd7fe5f609843ebfd3f0105eed20ba14
.agent-loop/initiatives/WS-ART-001-immutable-artifact-storage/reviews/WS-ART-001-03B3A-internal-review-evidence.md	.commitrail/initiatives/WS-ART-001/pre-cutover/reviews/WS-ART-001-03B3A-internal-review-evidence.md	17ffb82a1e87049418e533a6bdeb1f482115392b
.agent-loop/initiatives/WS-ART-001-immutable-artifact-storage/reviews/WS-ART-001-03B3A-pr-trust-bundle.md	.commitrail/initiatives/WS-ART-001/pre-cutover/reviews/WS-ART-001-03B3A-pr-trust-bundle.md	2f7a17d544557d155514141560ddb07e5babe931
.agent-loop/initiatives/WS-ART-001-immutable-artifact-storage/reviews/WS-ART-001-03B3B-SPLIT-external-review-response.md	.commitrail/initiatives/WS-ART-001/pre-cutover/reviews/WS-ART-001-03B3B-SPLIT-external-review-response.md	72362cb20f16e44aa3cd9279c92cc8535a5f6248
.agent-loop/initiatives/WS-ART-001-immutable-artifact-storage/reviews/WS-ART-001-03B3B1-external-review-response.md	.commitrail/initiatives/WS-ART-001/pre-cutover/reviews/WS-ART-001-03B3B1-external-review-response.md	945ffd0f8d4b09f44ae489e1b89ecc95060a392e
.agent-loop/initiatives/WS-ART-001-immutable-artifact-storage/reviews/WS-ART-001-03B3B1-pr-trust-bundle.md	.commitrail/initiatives/WS-ART-001/pre-cutover/reviews/WS-ART-001-03B3B1-pr-trust-bundle.md	5da415633ae7bd25165b0c586218ff898e9f0f5c
.agent-loop/initiatives/WS-ART-001-immutable-artifact-storage/reviews/WS-ART-001-03B3B2-external-review-response.md	.commitrail/initiatives/WS-ART-001/pre-cutover/reviews/WS-ART-001-03B3B2-external-review-response.md	ed489620a92e37e5efc83cbd56498c4c0d5382c0
.agent-loop/initiatives/WS-ART-001-immutable-artifact-storage/reviews/WS-ART-001-03B3B2-pr-trust-bundle.md	.commitrail/initiatives/WS-ART-001/pre-cutover/reviews/WS-ART-001-03B3B2-pr-trust-bundle.md	8d60da13c492c121558c833c6facf14bf47ba61d
.agent-loop/initiatives/WS-ART-001-immutable-artifact-storage/reviews/WS-ART-001-03B3B3A-external-review-response.md	.commitrail/initiatives/WS-ART-001/pre-cutover/reviews/WS-ART-001-03B3B3A-external-review-response.md	0f225f0127bed897b7229456d424945d189eb3df
.agent-loop/initiatives/WS-ART-001-immutable-artifact-storage/reviews/WS-ART-001-03B3B3A-internal-review-evidence.md	.commitrail/initiatives/WS-ART-001/pre-cutover/reviews/WS-ART-001-03B3B3A-internal-review-evidence.md	fb982e78e60ade0601661df955b2c01f124c6297
.agent-loop/initiatives/WS-ART-001-immutable-artifact-storage/reviews/WS-ART-001-03B3B3A-pr-trust-bundle.md	.commitrail/initiatives/WS-ART-001/pre-cutover/reviews/WS-ART-001-03B3B3A-pr-trust-bundle.md	510b1f2c2914ae390ce3f5f999b712ccf1592669
.agent-loop/initiatives/WS-ART-001-immutable-artifact-storage/reviews/WS-ART-001-03B3B3B-external-review-response.md	.commitrail/initiatives/WS-ART-001/pre-cutover/reviews/WS-ART-001-03B3B3B-external-review-response.md	f8695611c152490def0ff06433ee42d1d2dd9bf1
.agent-loop/initiatives/WS-ART-001-immutable-artifact-storage/reviews/WS-ART-001-03B3B3B-internal-review-evidence.md	.commitrail/initiatives/WS-ART-001/pre-cutover/reviews/WS-ART-001-03B3B3B-internal-review-evidence.md	1e0e30471383065396a956b37666b3057f78bcbb
.agent-loop/initiatives/WS-ART-001-immutable-artifact-storage/reviews/WS-ART-001-03B3B3B-pr-trust-bundle.md	.commitrail/initiatives/WS-ART-001/pre-cutover/reviews/WS-ART-001-03B3B3B-pr-trust-bundle.md	2a1b311f50c99a5527d9013d078a2e3bb6078df8
.agent-loop/initiatives/WS-ART-001-immutable-artifact-storage/reviews/WS-ART-001-03B3B3C-external-review-response.md	.commitrail/initiatives/WS-ART-001/pre-cutover/reviews/WS-ART-001-03B3B3C-external-review-response.md	e59e624bb6b711a030577c89bbdff25b84ca80df
.agent-loop/initiatives/WS-ART-001-immutable-artifact-storage/reviews/WS-ART-001-03B3B3C-internal-review-evidence.md	.commitrail/initiatives/WS-ART-001/pre-cutover/reviews/WS-ART-001-03B3B3C-internal-review-evidence.md	00a487450d828537e984adacca7b3dcb27fcc426
.agent-loop/initiatives/WS-ART-001-immutable-artifact-storage/reviews/WS-ART-001-03B3B3C-pr-trust-bundle.md	.commitrail/initiatives/WS-ART-001/pre-cutover/reviews/WS-ART-001-03B3B3C-pr-trust-bundle.md	5b832ba50c7f9cf1ad7df2bc5b73dad35a15ffe3
.agent-loop/initiatives/WS-ART-001-immutable-artifact-storage/reviews/WS-ART-001-03B3B3D-pr-trust-bundle.md	.commitrail/initiatives/WS-ART-001/pre-cutover/reviews/WS-ART-001-03B3B3D-pr-trust-bundle.md	1760355253fd727d760bad0596996640f0258dc0
.agent-loop/initiatives/WS-ART-001-immutable-artifact-storage/reviews/WS-ART-001-03B3B4-external-review-response.md	.commitrail/initiatives/WS-ART-001/pre-cutover/reviews/WS-ART-001-03B3B4-external-review-response.md	7628201c0bf32ee6b798fd2708590ef6981dc97e
.agent-loop/initiatives/WS-ART-001-immutable-artifact-storage/reviews/WS-ART-001-03B3B4-pr-trust-bundle.md	.commitrail/initiatives/WS-ART-001/pre-cutover/reviews/WS-ART-001-03B3B4-pr-trust-bundle.md	4f4840bdf7ac69ab3c533bae51ffb25c54443f2c
.agent-loop/initiatives/WS-ART-001-immutable-artifact-storage/reviews/WS-ART-001-03B4-external-review-response.md	.commitrail/initiatives/WS-ART-001/pre-cutover/reviews/WS-ART-001-03B4-external-review-response.md	73fadaa1a99b7ffd11d043e2dc0038b85fa06078
.agent-loop/initiatives/WS-ART-001-immutable-artifact-storage/reviews/WS-ART-001-03B4-pr-trust-bundle.md	.commitrail/initiatives/WS-ART-001/pre-cutover/reviews/WS-ART-001-03B4-pr-trust-bundle.md	5a4571b4468fb5459527b3df2c370ced994e67cc
.agent-loop/initiatives/WS-ART-001-immutable-artifact-storage/reviews/WS-ART-001-03C-external-review-response.md	.commitrail/initiatives/WS-ART-001/pre-cutover/reviews/WS-ART-001-03C-external-review-response.md	56d41dece62ab4dfa87b6d1aab16277181d62527
.agent-loop/initiatives/WS-ART-001-immutable-artifact-storage/reviews/WS-ART-001-03C-internal-review-evidence.md	.commitrail/initiatives/WS-ART-001/pre-cutover/reviews/WS-ART-001-03C-internal-review-evidence.md	ca72fc3f8c423d3e22f3b24255e0a3b88dcfc881
.agent-loop/initiatives/WS-ART-001-immutable-artifact-storage/reviews/WS-ART-001-03C-pr-trust-bundle.md	.commitrail/initiatives/WS-ART-001/pre-cutover/reviews/WS-ART-001-03C-pr-trust-bundle.md	6046ca59d04f5e61044ec86c8dca905fa1f618f3
.agent-loop/initiatives/WS-ART-001-immutable-artifact-storage/reviews/WS-ART-001-04A1-external-review-response.md	.commitrail/initiatives/WS-ART-001/pre-cutover/reviews/WS-ART-001-04A1-external-review-response.md	44f820719d6171636a079b72bf000e1783ff7ccd
.agent-loop/initiatives/WS-ART-001-immutable-artifact-storage/reviews/WS-ART-001-04A1-internal-review-evidence.md	.commitrail/initiatives/WS-ART-001/pre-cutover/reviews/WS-ART-001-04A1-internal-review-evidence.md	ff51a82fd2f94c0fd59af6b5b75afe94acf39a51
.agent-loop/initiatives/WS-ART-001-immutable-artifact-storage/reviews/WS-ART-001-04A1-pr-trust-bundle.md	.commitrail/initiatives/WS-ART-001/pre-cutover/reviews/WS-ART-001-04A1-pr-trust-bundle.md	73d10c359b4fd94e54e8de2ef94ffbf82278bc18
.agent-loop/initiatives/WS-ART-001-immutable-artifact-storage/reviews/WS-ART-001-04A2-external-review-response.md	.commitrail/initiatives/WS-ART-001/pre-cutover/reviews/WS-ART-001-04A2-external-review-response.md	936b1ead928d29db12466f27a6d193385794b11f
.agent-loop/initiatives/WS-ART-001-immutable-artifact-storage/reviews/WS-ART-001-04A2-internal-review-evidence.md	.commitrail/initiatives/WS-ART-001/pre-cutover/reviews/WS-ART-001-04A2-internal-review-evidence.md	bbe4cb7cd7fa25080e62aaa5cfc9759d55fd571a
.agent-loop/initiatives/WS-ART-001-immutable-artifact-storage/reviews/WS-ART-001-04A2-pr-trust-bundle.md	.commitrail/initiatives/WS-ART-001/pre-cutover/reviews/WS-ART-001-04A2-pr-trust-bundle.md	eb598c771f0b788237c267972d0f37ff6613431f
.agent-loop/initiatives/WS-ART-001-immutable-artifact-storage/reviews/WS-ART-001-04A3-internal-review-evidence.md	.commitrail/initiatives/WS-ART-001/pre-cutover/reviews/WS-ART-001-04A3-internal-review-evidence.md	e912029f230b0b68a004a3dcc59bb7f497bc5a1e
.agent-loop/initiatives/WS-ART-001-immutable-artifact-storage/reviews/WS-ART-001-04A3-pr-trust-bundle.md	.commitrail/initiatives/WS-ART-001/pre-cutover/reviews/WS-ART-001-04A3-pr-trust-bundle.md	27ad772d3eec3f3cacae883533fac0814c7d127c
.agent-loop/initiatives/WS-ART-001-immutable-artifact-storage/reviews/WS-ART-001-04B1-internal-review-evidence.md	.commitrail/initiatives/WS-ART-001/pre-cutover/reviews/WS-ART-001-04B1-internal-review-evidence.md	6bca5098a03f786b369837c93b3aba2ae028715e
.agent-loop/initiatives/WS-ART-001-immutable-artifact-storage/reviews/WS-ART-001-04B1-pr-trust-bundle.md	.commitrail/initiatives/WS-ART-001/pre-cutover/reviews/WS-ART-001-04B1-pr-trust-bundle.md	5be6bd7b1283ff098790607b16642e372b5866ae
.agent-loop/initiatives/WS-ART-001-immutable-artifact-storage/reviews/WS-ART-001-04B2-external-review-response.md	.commitrail/initiatives/WS-ART-001/pre-cutover/reviews/WS-ART-001-04B2-external-review-response.md	96370f7c03626040223338fe17cc60689ef8cb0f
.agent-loop/initiatives/WS-ART-001-immutable-artifact-storage/reviews/WS-ART-001-04B2-internal-review-evidence.md	.commitrail/initiatives/WS-ART-001/pre-cutover/reviews/WS-ART-001-04B2-internal-review-evidence.md	ea8055d57734f9ccdbc58cebe0de69dfd79041f2
.agent-loop/initiatives/WS-ART-001-immutable-artifact-storage/reviews/WS-ART-001-04B2-pr-trust-bundle.md	.commitrail/initiatives/WS-ART-001/pre-cutover/reviews/WS-ART-001-04B2-pr-trust-bundle.md	45470dc7f8c0e49f2ed6995a09c7f7e2d1cd6454
.agent-loop/initiatives/WS-ART-001-immutable-artifact-storage/reviews/WS-ART-001-04B3-external-review-response.md	.commitrail/initiatives/WS-ART-001/pre-cutover/reviews/WS-ART-001-04B3-external-review-response.md	56b18fc5019b32a04477c78046a2c034c0be2d54
.agent-loop/initiatives/WS-ART-001-immutable-artifact-storage/reviews/WS-ART-001-04B3-internal-review-evidence.md	.commitrail/initiatives/WS-ART-001/pre-cutover/reviews/WS-ART-001-04B3-internal-review-evidence.md	33de4c46d0b24be544b51bca393ff0caac21d008
.agent-loop/initiatives/WS-ART-001-immutable-artifact-storage/reviews/WS-ART-001-04B3-pr-trust-bundle.md	.commitrail/initiatives/WS-ART-001/pre-cutover/reviews/WS-ART-001-04B3-pr-trust-bundle.md	cee65c64a1ba64dff6ec722f513952fecefa4acb
.agent-loop/initiatives/WS-ART-001-immutable-artifact-storage/reviews/WS-ART-001-04C1-planning-correction-external-review-response.md	.commitrail/initiatives/WS-ART-001/pre-cutover/reviews/WS-ART-001-04C1-planning-correction-external-review-response.md	6894b9d903a0fa0da77a39b6e613e760f0064932
.agent-loop/initiatives/WS-ART-001-immutable-artifact-storage/reviews/WS-ART-001-04C1-planning-correction-pr-trust-bundle.md	.commitrail/initiatives/WS-ART-001/pre-cutover/reviews/WS-ART-001-04C1-planning-correction-pr-trust-bundle.md	ea7fa049d4218404300be34f113fbb319557dbc7
.agent-loop/initiatives/WS-ART-001-immutable-artifact-storage/reviews/WS-ART-001-04C1-planning-correction-review-evidence.md	.commitrail/initiatives/WS-ART-001/pre-cutover/reviews/WS-ART-001-04C1-planning-correction-review-evidence.md	183559a837a25c7f4a59fd1fc27d0f5f33050389
.agent-loop/initiatives/WS-ART-001-immutable-artifact-storage/reviews/WS-ART-001-04C2-external-review-response.md	.commitrail/initiatives/WS-ART-001/pre-cutover/reviews/WS-ART-001-04C2-external-review-response.md	0fcbd972e3f5d008d7c1085c344090077c102a73
.agent-loop/initiatives/WS-ART-001-immutable-artifact-storage/reviews/WS-ART-001-OBJECT-STORAGE-AMENDMENT-internal-review-evidence.md	.commitrail/initiatives/WS-ART-001/pre-cutover/reviews/WS-ART-001-OBJECT-STORAGE-AMENDMENT-internal-review-evidence.md	a5b798d937116ec2795cfe89a76fa87a4d45f576
.agent-loop/initiatives/WS-ART-001-immutable-artifact-storage/reviews/WS-ART-001-OBJECT-STORAGE-AMENDMENT-pr-trust-bundle.md	.commitrail/initiatives/WS-ART-001/pre-cutover/reviews/WS-ART-001-OBJECT-STORAGE-AMENDMENT-pr-trust-bundle.md	5f20e092b2257991959b7d60220f87caa7ef0e1c
.agent-loop/initiatives/WS-ART-001-immutable-artifact-storage/reviews/WS-ART-001-PLAN-external-review-response.md	.commitrail/initiatives/WS-ART-001/pre-cutover/reviews/WS-ART-001-PLAN-external-review-response.md	9553bbe70b76e0d1238b96ce94e6089c67107cda
.agent-loop/initiatives/WS-ART-001-immutable-artifact-storage/reviews/WS-ART-001-PLAN-internal-review-evidence.md	.commitrail/initiatives/WS-ART-001/pre-cutover/reviews/WS-ART-001-PLAN-internal-review-evidence.md	91b5f107f67c43b6a0aaf7fd6457af930b8ca040
.agent-loop/initiatives/WS-ART-001-immutable-artifact-storage/reviews/WS-ART-001-PLAN-post-merge-memory-internal-review-evidence.md	.commitrail/initiatives/WS-ART-001/pre-cutover/reviews/WS-ART-001-PLAN-post-merge-memory-internal-review-evidence.md	850bea84db8d2759c3b5391622ce8fed14d64b55
.agent-loop/initiatives/WS-ART-001-immutable-artifact-storage/reviews/WS-ART-001-PLAN-post-merge-memory-pr-trust-bundle.md	.commitrail/initiatives/WS-ART-001/pre-cutover/reviews/WS-ART-001-PLAN-post-merge-memory-pr-trust-bundle.md	fc4178dbb2f091f75ac950bb30301641d54b264c
.agent-loop/initiatives/WS-ART-001-immutable-artifact-storage/reviews/WS-ART-001-PLAN-pr-trust-bundle.md	.commitrail/initiatives/WS-ART-001/pre-cutover/reviews/WS-ART-001-PLAN-pr-trust-bundle.md	2743bb726388c407b6c6c1db13f50603f09bedd8
.agent-loop/initiatives/WS-ART-001-immutable-artifact-storage/reviews/WS-ART-001-PLAN2-external-review-response.md	.commitrail/initiatives/WS-ART-001/pre-cutover/reviews/WS-ART-001-PLAN2-external-review-response.md	0191c8b12ff19417aa9856d234fdff6f6c2a36d9
.agent-loop/initiatives/WS-ART-001-immutable-artifact-storage/reviews/WS-ART-001-PLAN2-internal-review-evidence.md	.commitrail/initiatives/WS-ART-001/pre-cutover/reviews/WS-ART-001-PLAN2-internal-review-evidence.md	5a443f78e614dd5e96792c4270135ea0de8f233f
.agent-loop/initiatives/WS-ART-001-immutable-artifact-storage/reviews/WS-ART-001-PLAN2-pr-trust-bundle.md	.commitrail/initiatives/WS-ART-001/pre-cutover/reviews/WS-ART-001-PLAN2-pr-trust-bundle.md	305bdb8d058f2d5b91f41afb46f56e88b7809b4b
.agent-loop/initiatives/WS-ART-001-immutable-artifact-storage/reviews/WS-ART-001-PLAN3-internal-review-evidence.md	.commitrail/initiatives/WS-ART-001/pre-cutover/reviews/WS-ART-001-PLAN3-internal-review-evidence.md	45903e1d0f4674a1a958226f61ac3bbc976b57ce
.agent-loop/initiatives/WS-ART-001-immutable-artifact-storage/reviews/WS-ART-001-PLAN4-external-review-response.md	.commitrail/initiatives/WS-ART-001/pre-cutover/reviews/WS-ART-001-PLAN4-external-review-response.md	f755bf6d71b38ad79e39699fc18e4e588942b4cc
.agent-loop/initiatives/WS-ART-001-immutable-artifact-storage/reviews/WS-ART-001-PLAN4-pr-trust-bundle.md	.commitrail/initiatives/WS-ART-001/pre-cutover/reviews/WS-ART-001-PLAN4-pr-trust-bundle.md	a0a9def4b8864ba05d2a17ea8bdd7ee1c501994a
.agent-loop/initiatives/WS-ART-001-immutable-artifact-storage/reviews/WS-ART-001-PLAN5-internal-review-evidence.md	.commitrail/initiatives/WS-ART-001/pre-cutover/reviews/WS-ART-001-PLAN5-internal-review-evidence.md	48567eaf1751b9289d109320de1c0ab58e9db879
.agent-loop/initiatives/WS-ART-001-immutable-artifact-storage/reviews/WS-ART-001-PLAN5-pr-trust-bundle.md	.commitrail/initiatives/WS-ART-001/pre-cutover/reviews/WS-ART-001-PLAN5-pr-trust-bundle.md	9e4266fdcd25cb5c72a828faba4ee5aa17ba8556
.agent-loop/initiatives/WS-AUTH-001-workstream-authorization-service/ACTIVATION_CUSTODY.md	.commitrail/initiatives/WS-AUTH-001/pre-cutover/ACTIVATION_CUSTODY.md	28cadd7f303c984600235fdba51fdfd977d6855b
.agent-loop/initiatives/WS-AUTH-001-workstream-authorization-service/CHUNK_MAP.md	.commitrail/initiatives/WS-AUTH-001/pre-cutover/CHUNK_MAP.md	8c4b109193796d1e720565d4c4b6fc2c1a8586de
.agent-loop/initiatives/WS-AUTH-001-workstream-authorization-service/DECISIONS.md	.commitrail/initiatives/WS-AUTH-001/pre-cutover/DECISIONS.md	696d61754511c6816f26d20d2826120c684fd54b
.agent-loop/initiatives/WS-AUTH-001-workstream-authorization-service/DISCOVERY.md	.commitrail/initiatives/WS-AUTH-001/pre-cutover/DISCOVERY.md	dec1410322110a142cd8e379ab14879285acc047
.agent-loop/initiatives/WS-AUTH-001-workstream-authorization-service/INTENT.md	.commitrail/initiatives/WS-AUTH-001/pre-cutover/INTENT.md	25f06ff37f7c57b7c0dd7364a0392be14df1fca5
.agent-loop/initiatives/WS-AUTH-001-workstream-authorization-service/PLAN.md	.commitrail/initiatives/WS-AUTH-001/pre-cutover/PLAN.md	15d528008508a7a755848aee78270a785fa3f374
.agent-loop/initiatives/WS-AUTH-001-workstream-authorization-service/RISKS.md	.commitrail/initiatives/WS-AUTH-001/pre-cutover/RISKS.md	088517b17f2d210bb7f7158f9fda8f872a165b2f
.agent-loop/initiatives/WS-AUTH-001-workstream-authorization-service/SOURCE_MANIFEST.md	.commitrail/initiatives/WS-AUTH-001/pre-cutover/SOURCE_MANIFEST.md	79f4d3752143d518175a788c612639327f7a9893
.agent-loop/initiatives/WS-AUTH-001-workstream-authorization-service/STATUS.md	.commitrail/initiatives/WS-AUTH-001/pre-cutover/STATUS.md	2782dd46ea9007bb9a3c6bb7ad9f7e7f3f766955
.agent-loop/initiatives/WS-AUTH-001-workstream-authorization-service/chunks/WS-AUTH-001-01-adopt-authorization-baseline.md	.commitrail/initiatives/WS-AUTH-001/pre-cutover/chunks/WS-AUTH-001-01-adopt-authorization-baseline.md	868dbcfea94af3352642c14a9895d6faddf5ea8e
.agent-loop/initiatives/WS-AUTH-001-workstream-authorization-service/chunks/WS-AUTH-001-02-verified-issuer-token.md	.commitrail/initiatives/WS-AUTH-001/pre-cutover/chunks/WS-AUTH-001-02-verified-issuer-token.md	1a5c7a75dd19158a482718e7ffadfd935542a629
.agent-loop/initiatives/WS-AUTH-001-workstream-authorization-service/chunks/WS-AUTH-001-03-legacy-actor-classification.md	.commitrail/initiatives/WS-AUTH-001/pre-cutover/chunks/WS-AUTH-001-03-legacy-actor-classification.md	1886167d186a91350f0e41f9342108719a330629
.agent-loop/initiatives/WS-AUTH-001-workstream-authorization-service/chunks/WS-AUTH-001-04-request-api-controls.md	.commitrail/initiatives/WS-AUTH-001/pre-cutover/chunks/WS-AUTH-001-04-request-api-controls.md	cda98b57db9cbd25158868ad15f8ab06f17ea7b9
.agent-loop/initiatives/WS-AUTH-001-workstream-authorization-service/chunks/WS-AUTH-001-04A-request-error-context.md	.commitrail/initiatives/WS-AUTH-001/pre-cutover/chunks/WS-AUTH-001-04A-request-error-context.md	72f54287c02b89fddd7ca898d2430883aa4d34a7
.agent-loop/initiatives/WS-AUTH-001-workstream-authorization-service/chunks/WS-AUTH-001-04B-postgres-rate-controls.md	.commitrail/initiatives/WS-AUTH-001/pre-cutover/chunks/WS-AUTH-001-04B-postgres-rate-controls.md	69bd3dc4f92cce7bef58d6c9427b776bbe9f76a9
.agent-loop/initiatives/WS-AUTH-001-workstream-authorization-service/chunks/WS-AUTH-001-05-authority-evidence-foundation.md	.commitrail/initiatives/WS-AUTH-001/pre-cutover/chunks/WS-AUTH-001-05-authority-evidence-foundation.md	12abd3776f487fe6735e96294817428ebc5c868f
.agent-loop/initiatives/WS-AUTH-001-workstream-authorization-service/chunks/WS-AUTH-001-05A-shared-audit-authority-evidence.md	.commitrail/initiatives/WS-AUTH-001/pre-cutover/chunks/WS-AUTH-001-05A-shared-audit-authority-evidence.md	b70248d072814aca0efadd125c257ba59e0c1b4c
.agent-loop/initiatives/WS-AUTH-001-workstream-authorization-service/chunks/WS-AUTH-001-05B-idempotency-invalidation.md	.commitrail/initiatives/WS-AUTH-001/pre-cutover/chunks/WS-AUTH-001-05B-idempotency-invalidation.md	91cd32a42b1c9ef271de6fbe21673f157ad729d6
.agent-loop/initiatives/WS-AUTH-001-workstream-authorization-service/chunks/WS-AUTH-001-06-canonical-actor-profile.md	.commitrail/initiatives/WS-AUTH-001/pre-cutover/chunks/WS-AUTH-001-06-canonical-actor-profile.md	df92ca91eeb01a7733d3404983bd071ccc226623
.agent-loop/initiatives/WS-AUTH-001-workstream-authorization-service/chunks/WS-AUTH-001-07-authorization-kernel.md	.commitrail/initiatives/WS-AUTH-001/pre-cutover/chunks/WS-AUTH-001-07-authorization-kernel.md	78a01f1d7d0eb38422d5ee8894cbb849ef396094
.agent-loop/initiatives/WS-AUTH-001-workstream-authorization-service/chunks/WS-AUTH-001-07A-closed-permission-action-catalogue.md	.commitrail/initiatives/WS-AUTH-001/pre-cutover/chunks/WS-AUTH-001-07A-closed-permission-action-catalogue.md	bcb3fe8ed4b19844053d12d5ee0fa32e7e0459a2
.agent-loop/initiatives/WS-AUTH-001-workstream-authorization-service/chunks/WS-AUTH-001-07B-deny-default-kernel-self-cutover.md	.commitrail/initiatives/WS-AUTH-001/pre-cutover/chunks/WS-AUTH-001-07B-deny-default-kernel-self-cutover.md	35ce450cecef36bf39627c36c77df7c987de6055
.agent-loop/initiatives/WS-AUTH-001-workstream-authorization-service/chunks/WS-AUTH-001-08-bootstrap-admin-grants.md	.commitrail/initiatives/WS-AUTH-001/pre-cutover/chunks/WS-AUTH-001-08-bootstrap-admin-grants.md	28107cec45077b2d3b4996df78b4e9c01b425e2b
.agent-loop/initiatives/WS-AUTH-001-workstream-authorization-service/chunks/WS-AUTH-001-09-actor-state-service-actors.md	.commitrail/initiatives/WS-AUTH-001/pre-cutover/chunks/WS-AUTH-001-09-actor-state-service-actors.md	89b4036d2a0f6cb18bfdeda89713876ac19a1fa9
.agent-loop/initiatives/WS-AUTH-001-workstream-authorization-service/chunks/WS-AUTH-001-09A-service-identity-foundation.md	.commitrail/initiatives/WS-AUTH-001/pre-cutover/chunks/WS-AUTH-001-09A-service-identity-foundation.md	9152c7cc8eccf797e65613463db8185f2fa7ffc0
.agent-loop/initiatives/WS-AUTH-001-workstream-authorization-service/chunks/WS-AUTH-001-09B-controlled-service-provisioning.md	.commitrail/initiatives/WS-AUTH-001/pre-cutover/chunks/WS-AUTH-001-09B-controlled-service-provisioning.md	7d3394fdefa1fcd46470a0ce4d428d3b82a55f7e
.agent-loop/initiatives/WS-AUTH-001-workstream-authorization-service/chunks/WS-AUTH-001-09C-actor-identity-admin-reads.md	.commitrail/initiatives/WS-AUTH-001/pre-cutover/chunks/WS-AUTH-001-09C-actor-identity-admin-reads.md	2d82c743a1f1d5dc35894d4221a68c26d7c4d48e
.agent-loop/initiatives/WS-AUTH-001-workstream-authorization-service/chunks/WS-AUTH-001-09D-A-profile-lifecycle.md	.commitrail/initiatives/WS-AUTH-001/pre-cutover/chunks/WS-AUTH-001-09D-A-profile-lifecycle.md	1d71546214dbabd3fc58e55907ea6b20e80937ff
.agent-loop/initiatives/WS-AUTH-001-workstream-authorization-service/chunks/WS-AUTH-001-09D-B-identity-link-lifecycle.md	.commitrail/initiatives/WS-AUTH-001/pre-cutover/chunks/WS-AUTH-001-09D-B-identity-link-lifecycle.md	7c6e32aaeac2e6a3b6373d05960d7a80b64a0d99
.agent-loop/initiatives/WS-AUTH-001-workstream-authorization-service/chunks/WS-AUTH-001-09D-actor-identity-lifecycle.md	.commitrail/initiatives/WS-AUTH-001/pre-cutover/chunks/WS-AUTH-001-09D-actor-identity-lifecycle.md	d629234b257b442475002a5f33234cc3727cf614
.agent-loop/initiatives/WS-AUTH-001-workstream-authorization-service/chunks/WS-AUTH-001-09E-fixed-service-runtime-admission.md	.commitrail/initiatives/WS-AUTH-001/pre-cutover/chunks/WS-AUTH-001-09E-fixed-service-runtime-admission.md	093a159500a2ed2560031e4bedd460b86bf16b0d
.agent-loop/initiatives/WS-AUTH-001-workstream-authorization-service/chunks/WS-AUTH-001-10-project-role-grants.md	.commitrail/initiatives/WS-AUTH-001/pre-cutover/chunks/WS-AUTH-001-10-project-role-grants.md	bb35c7bb49cb1187cc39881e43f961fdaea7e8ff
.agent-loop/initiatives/WS-AUTH-001-workstream-authorization-service/chunks/WS-AUTH-001-10A-project-role-grant-data-evidence.md	.commitrail/initiatives/WS-AUTH-001/pre-cutover/chunks/WS-AUTH-001-10A-project-role-grant-data-evidence.md	b9416efeaddf4b711da6f0ccaf65642e7f44ff34
.agent-loop/initiatives/WS-AUTH-001-workstream-authorization-service/chunks/WS-AUTH-001-10B-project-role-grant-reads.md	.commitrail/initiatives/WS-AUTH-001/pre-cutover/chunks/WS-AUTH-001-10B-project-role-grant-reads.md	656a99038887d8255be9c208da3f717f7dac8110
.agent-loop/initiatives/WS-AUTH-001-workstream-authorization-service/chunks/WS-AUTH-001-10B1-authorization-read-rate-control.md	.commitrail/initiatives/WS-AUTH-001/pre-cutover/chunks/WS-AUTH-001-10B1-authorization-read-rate-control.md	2c39ef1cde4d281c71c63b6777dd1b990d4f584d
.agent-loop/initiatives/WS-AUTH-001-workstream-authorization-service/chunks/WS-AUTH-001-10B2-project-role-grant-reads.md	.commitrail/initiatives/WS-AUTH-001/pre-cutover/chunks/WS-AUTH-001-10B2-project-role-grant-reads.md	5f59037f4f4bb1acf04437e7d3b065e522c990b7
.agent-loop/initiatives/WS-AUTH-001-workstream-authorization-service/chunks/WS-AUTH-001-10C-project-role-grant-mutations.md	.commitrail/initiatives/WS-AUTH-001/pre-cutover/chunks/WS-AUTH-001-10C-project-role-grant-mutations.md	8c88952e781fd7d328192abbbedd2f9be0d017f8
.agent-loop/initiatives/WS-AUTH-001-workstream-authorization-service/chunks/WS-AUTH-001-11-project-read-cutover.md	.commitrail/initiatives/WS-AUTH-001/pre-cutover/chunks/WS-AUTH-001-11-project-read-cutover.md	299626a4ae8049e857a8e29cebaceb0b89892de8
.agent-loop/initiatives/WS-AUTH-001-workstream-authorization-service/chunks/WS-AUTH-001-11A-project-read-catalogue-foundation.md	.commitrail/initiatives/WS-AUTH-001/pre-cutover/chunks/WS-AUTH-001-11A-project-read-catalogue-foundation.md	475759cbb8a94e71958e002a9f9a929f1cb78551
.agent-loop/initiatives/WS-AUTH-001-workstream-authorization-service/chunks/WS-AUTH-001-11B-project-identity-actor-context.md	.commitrail/initiatives/WS-AUTH-001/pre-cutover/chunks/WS-AUTH-001-11B-project-identity-actor-context.md	77cbdd9d39668a326b70a86878604af9a48e3946
.agent-loop/initiatives/WS-AUTH-001-workstream-authorization-service/chunks/WS-AUTH-001-11C1-project-setup-diagnostic-reads.md	.commitrail/initiatives/WS-AUTH-001/pre-cutover/chunks/WS-AUTH-001-11C1-project-setup-diagnostic-reads.md	2e4287342f2644e29375d04b60c2e9482b23fa5b
.agent-loop/initiatives/WS-AUTH-001-workstream-authorization-service/chunks/WS-AUTH-001-11C2-effective-policy-active-guide-reads.md	.commitrail/initiatives/WS-AUTH-001/pre-cutover/chunks/WS-AUTH-001-11C2-effective-policy-active-guide-reads.md	486b456171a264014229dfe97e2c2b83bf261961
.agent-loop/initiatives/WS-AUTH-001-workstream-authorization-service/chunks/WS-AUTH-001-12-project-mutation-cutover.md	.commitrail/initiatives/WS-AUTH-001/pre-cutover/chunks/WS-AUTH-001-12-project-mutation-cutover.md	47391ead0e619ee628f454e622d33092c8d60e85
.agent-loop/initiatives/WS-AUTH-001-workstream-authorization-service/chunks/WS-AUTH-001-12A-project-mutation-catalogue.md	.commitrail/initiatives/WS-AUTH-001/pre-cutover/chunks/WS-AUTH-001-12A-project-mutation-catalogue.md	d4e14a66af6b8ce61922713b81c38e0d49aa3348
.agent-loop/initiatives/WS-AUTH-001-workstream-authorization-service/chunks/WS-AUTH-001-12B-project-setup-service.md	.commitrail/initiatives/WS-AUTH-001/pre-cutover/chunks/WS-AUTH-001-12B-project-setup-service.md	a993662ea3f001240a9f70007c132f3d8976f3df
.agent-loop/initiatives/WS-AUTH-001-workstream-authorization-service/chunks/WS-AUTH-001-12B2-project-setup-service-cutover.md	.commitrail/initiatives/WS-AUTH-001/pre-cutover/chunks/WS-AUTH-001-12B2-project-setup-service-cutover.md	94f7b2d18eca719e25c13a54bdb33495ce3ddc8a
.agent-loop/initiatives/WS-AUTH-001-workstream-authorization-service/chunks/WS-AUTH-001-12C-project-create.md	.commitrail/initiatives/WS-AUTH-001/pre-cutover/chunks/WS-AUTH-001-12C-project-create.md	ea5333e14ca476b129943d85a555d368a017dc67
.agent-loop/initiatives/WS-AUTH-001-workstream-authorization-service/chunks/WS-AUTH-001-12D-guide-draft-source-mutations.md	.commitrail/initiatives/WS-AUTH-001/pre-cutover/chunks/WS-AUTH-001-12D-guide-draft-source-mutations.md	24ec43ada9754edd4aae60ea79be68978eaa4ba7
.agent-loop/initiatives/WS-AUTH-001-workstream-authorization-service/chunks/WS-AUTH-001-12D2-guide-bound-policy-mutations.md	.commitrail/initiatives/WS-AUTH-001/pre-cutover/chunks/WS-AUTH-001-12D2-guide-bound-policy-mutations.md	fe909e140bc4e481fdb22be8b3d34ed5d761390a
.agent-loop/initiatives/WS-AUTH-001-workstream-authorization-service/chunks/WS-AUTH-001-12E-guide-sufficiency-mutations.md	.commitrail/initiatives/WS-AUTH-001/pre-cutover/chunks/WS-AUTH-001-12E-guide-sufficiency-mutations.md	5e877888584950c58c5332888defd5c412d2c8b1
.agent-loop/initiatives/WS-AUTH-001-workstream-authorization-service/chunks/WS-AUTH-001-12F-submission-artifact-policy-mutations.md	.commitrail/initiatives/WS-AUTH-001/pre-cutover/chunks/WS-AUTH-001-12F-submission-artifact-policy-mutations.md	67ab35c8d0e90ec3cea099598ec9249fbd83c6d7
.agent-loop/initiatives/WS-AUTH-001-workstream-authorization-service/chunks/WS-AUTH-001-12F1-submission-policy-authority-foundation.md	.commitrail/initiatives/WS-AUTH-001/pre-cutover/chunks/WS-AUTH-001-12F1-submission-policy-authority-foundation.md	6972800ba1de1e86527958ab7b9dffa3a6799153
.agent-loop/initiatives/WS-AUTH-001-workstream-authorization-service/chunks/WS-AUTH-001-12F2-submission-policy-manual-drafts.md	.commitrail/initiatives/WS-AUTH-001/pre-cutover/chunks/WS-AUTH-001-12F2-submission-policy-manual-drafts.md	47cd852917bee1f593b686a11e6367e5d4fe6468
.agent-loop/initiatives/WS-AUTH-001-workstream-authorization-service/chunks/WS-AUTH-001-12F3-submission-policy-service-derivation.md	.commitrail/initiatives/WS-AUTH-001/pre-cutover/chunks/WS-AUTH-001-12F3-submission-policy-service-derivation.md	cb524749d4f268157189585b3945533005bf7812
.agent-loop/initiatives/WS-AUTH-001-workstream-authorization-service/chunks/WS-AUTH-001-12F4-submission-policy-approval.md	.commitrail/initiatives/WS-AUTH-001/pre-cutover/chunks/WS-AUTH-001-12F4-submission-policy-approval.md	9b8c6249ccf8246d9671891d3c034f6edae97597
.agent-loop/initiatives/WS-AUTH-001-workstream-authorization-service/chunks/WS-AUTH-001-12G-post-submit-checker-policy-mutations.md	.commitrail/initiatives/WS-AUTH-001/pre-cutover/chunks/WS-AUTH-001-12G-post-submit-checker-policy-mutations.md	0b98816ff4df68ca1dd34c5c55f1bc13a7f51b9d
.agent-loop/initiatives/WS-AUTH-001-workstream-authorization-service/chunks/WS-AUTH-001-12H-guide-activation.md	.commitrail/initiatives/WS-AUTH-001/pre-cutover/chunks/WS-AUTH-001-12H-guide-activation.md	b9ba66727eeb6f4743d963b71f04fe4a7245411b
.agent-loop/initiatives/WS-AUTH-001-workstream-authorization-service/chunks/WS-AUTH-001-12I-unified-compilation-activation.md	.commitrail/initiatives/WS-AUTH-001/pre-cutover/chunks/WS-AUTH-001-12I-unified-compilation-activation.md	1dbe7ba8dffce405f8a6fb971ca2ff66714f6263
.agent-loop/initiatives/WS-AUTH-001-workstream-authorization-service/chunks/WS-AUTH-001-12J-compilation-projection-authorization.md	.commitrail/initiatives/WS-AUTH-001/pre-cutover/chunks/WS-AUTH-001-12J-compilation-projection-authorization.md	2e75c0bff3f7a0dc48f9146045560205a132b7bf
.agent-loop/initiatives/WS-AUTH-001-workstream-authorization-service/chunks/WS-AUTH-001-13-task-assignment-cutover.md	.commitrail/initiatives/WS-AUTH-001/pre-cutover/chunks/WS-AUTH-001-13-task-assignment-cutover.md	cf663c0eda9fa05d848d72dd25a90274a39ed94f
.agent-loop/initiatives/WS-AUTH-001-workstream-authorization-service/chunks/WS-AUTH-001-14-submission-checker-cutover.md	.commitrail/initiatives/WS-AUTH-001/pre-cutover/chunks/WS-AUTH-001-14-submission-checker-cutover.md	8613190bda8aab6493a08cf383d501c9e1802115
.agent-loop/initiatives/WS-AUTH-001-workstream-authorization-service/chunks/WS-AUTH-001-15-worker-authority-removal.md	.commitrail/initiatives/WS-AUTH-001/pre-cutover/chunks/WS-AUTH-001-15-worker-authority-removal.md	a9c9e91761ac1e492a079e17c8ad09b05dd9aa88
.agent-loop/initiatives/WS-AUTH-001-workstream-authorization-service/chunks/WS-AUTH-001-16-evidence-live-proof.md	.commitrail/initiatives/WS-AUTH-001/pre-cutover/chunks/WS-AUTH-001-16-evidence-live-proof.md	70231e4026bf94e3fabe8d874696c48afb33c6e4
.agent-loop/initiatives/WS-AUTH-001-workstream-authorization-service/chunks/WS-AUTH-001-ART-CUSTODY-activation-custody-transfer.md	.commitrail/initiatives/WS-AUTH-001/pre-cutover/chunks/WS-AUTH-001-ART-CUSTODY-activation-custody-transfer.md	de5afdcf009cb902f8b395be2f6ae4090c797e30
.agent-loop/initiatives/WS-AUTH-001-workstream-authorization-service/chunks/WS-AUTH-001-CAT-action-resource-catalogue-reconciliation.md	.commitrail/initiatives/WS-AUTH-001/pre-cutover/chunks/WS-AUTH-001-CAT-action-resource-catalogue-reconciliation.md	e9af2bae6f6376182826463fa1de80656365c144
.agent-loop/initiatives/WS-AUTH-001-workstream-authorization-service/chunks/WS-AUTH-001-CONTRIBUTOR-FOUNDATION-contributor-fields-human-lineage.md	.commitrail/initiatives/WS-AUTH-001/pre-cutover/chunks/WS-AUTH-001-CONTRIBUTOR-FOUNDATION-contributor-fields-human-lineage.md	891dc15326b269e3e519a8f9c4a569352aa8b245
.agent-loop/initiatives/WS-AUTH-001-workstream-authorization-service/chunks/WS-AUTH-001-PLAN-authorization-service-planning.md	.commitrail/initiatives/WS-AUTH-001/pre-cutover/chunks/WS-AUTH-001-PLAN-authorization-service-planning.md	66986acb855a42bf345b50b5eb9defedf1e8c059
.agent-loop/initiatives/WS-AUTH-001-workstream-authorization-service/chunks/WS-AUTH-001-PREP-prepared-mutation-protocol.md	.commitrail/initiatives/WS-AUTH-001/pre-cutover/chunks/WS-AUTH-001-PREP-prepared-mutation-protocol.md	b53bb99171cedc7ee743d3bfeab304e5e174b144
.agent-loop/initiatives/WS-AUTH-001-workstream-authorization-service/chunks/WS-AUTH-001-REV-CUSTODY-activation-custody-transfer.md	.commitrail/initiatives/WS-AUTH-001/pre-cutover/chunks/WS-AUTH-001-REV-CUSTODY-activation-custody-transfer.md	160b07e90be0ef17ef643ba891a3ffaf01468fb6
.agent-loop/initiatives/WS-AUTH-001-workstream-authorization-service/chunks/WS-AUTH-001-XINT-boundary-plan-reconciliation.md	.commitrail/initiatives/WS-AUTH-001/pre-cutover/chunks/WS-AUTH-001-XINT-boundary-plan-reconciliation.md	57baab54de997d9039418f74fb38a9c1bf09d43f
.agent-loop/initiatives/WS-AUTH-001-workstream-authorization-service/reviews/WS-AUTH-001-01-external-review-response.md	.commitrail/initiatives/WS-AUTH-001/pre-cutover/reviews/WS-AUTH-001-01-external-review-response.md	e0aae0e94392e7aa70d128e4452a3158a3446a99
.agent-loop/initiatives/WS-AUTH-001-workstream-authorization-service/reviews/WS-AUTH-001-01-internal-review-evidence.md	.commitrail/initiatives/WS-AUTH-001/pre-cutover/reviews/WS-AUTH-001-01-internal-review-evidence.md	fb86b127aa790690ef7c9a16482c1b3d6522d38a
.agent-loop/initiatives/WS-AUTH-001-workstream-authorization-service/reviews/WS-AUTH-001-01-post-merge-memory-internal-review-evidence.md	.commitrail/initiatives/WS-AUTH-001/pre-cutover/reviews/WS-AUTH-001-01-post-merge-memory-internal-review-evidence.md	cd720ed44d569ec0802d2aa71450692ce62d3463
.agent-loop/initiatives/WS-AUTH-001-workstream-authorization-service/reviews/WS-AUTH-001-01-pr-trust-bundle.md	.commitrail/initiatives/WS-AUTH-001/pre-cutover/reviews/WS-AUTH-001-01-pr-trust-bundle.md	162a2bbd2246d336a3872661d951e57a18053ae2
.agent-loop/initiatives/WS-AUTH-001-workstream-authorization-service/reviews/WS-AUTH-001-02-internal-review-evidence.md	.commitrail/initiatives/WS-AUTH-001/pre-cutover/reviews/WS-AUTH-001-02-internal-review-evidence.md	dae4b8c34cae9a48d8673302d311d49b87227e63
.agent-loop/initiatives/WS-AUTH-001-workstream-authorization-service/reviews/WS-AUTH-001-02-pr-trust-bundle.md	.commitrail/initiatives/WS-AUTH-001/pre-cutover/reviews/WS-AUTH-001-02-pr-trust-bundle.md	7db3c00fe5e7deabfe6ee33722712c59c0366fca
.agent-loop/initiatives/WS-AUTH-001-workstream-authorization-service/reviews/WS-AUTH-001-03-external-review-response.md	.commitrail/initiatives/WS-AUTH-001/pre-cutover/reviews/WS-AUTH-001-03-external-review-response.md	55f98768e7f43d95c5365767d8007cfe4be6ce2b
.agent-loop/initiatives/WS-AUTH-001-workstream-authorization-service/reviews/WS-AUTH-001-03-internal-review-evidence.md	.commitrail/initiatives/WS-AUTH-001/pre-cutover/reviews/WS-AUTH-001-03-internal-review-evidence.md	b73c120bd551b8b1eb2842664350963ed12c9b74
.agent-loop/initiatives/WS-AUTH-001-workstream-authorization-service/reviews/WS-AUTH-001-03-post-merge-memory-internal-review-evidence.md	.commitrail/initiatives/WS-AUTH-001/pre-cutover/reviews/WS-AUTH-001-03-post-merge-memory-internal-review-evidence.md	dfe85d6063d6bb816a88cb7b397de1a4a16e1c49
.agent-loop/initiatives/WS-AUTH-001-workstream-authorization-service/reviews/WS-AUTH-001-03-post-merge-memory-pr-trust-bundle.md	.commitrail/initiatives/WS-AUTH-001/pre-cutover/reviews/WS-AUTH-001-03-post-merge-memory-pr-trust-bundle.md	578bc6a8c86017ec514ade99780a0d246088bb3a
.agent-loop/initiatives/WS-AUTH-001-workstream-authorization-service/reviews/WS-AUTH-001-03-pr-trust-bundle.md	.commitrail/initiatives/WS-AUTH-001/pre-cutover/reviews/WS-AUTH-001-03-pr-trust-bundle.md	5baa6edeb089d2836a68298c9124c8ed96de4983
.agent-loop/initiatives/WS-AUTH-001-workstream-authorization-service/reviews/WS-AUTH-001-04A-internal-review-evidence.md	.commitrail/initiatives/WS-AUTH-001/pre-cutover/reviews/WS-AUTH-001-04A-internal-review-evidence.md	cc38c9b4df8bc556c478cac7ca2cbb1275a2c2ca
.agent-loop/initiatives/WS-AUTH-001-workstream-authorization-service/reviews/WS-AUTH-001-04A-post-merge-memory-internal-review-evidence.md	.commitrail/initiatives/WS-AUTH-001/pre-cutover/reviews/WS-AUTH-001-04A-post-merge-memory-internal-review-evidence.md	2dde50ceef34c77c1ea77312c0635419e4aaa2ab
.agent-loop/initiatives/WS-AUTH-001-workstream-authorization-service/reviews/WS-AUTH-001-04A-post-merge-memory-pr-trust-bundle.md	.commitrail/initiatives/WS-AUTH-001/pre-cutover/reviews/WS-AUTH-001-04A-post-merge-memory-pr-trust-bundle.md	cf0e18ec8c1bdd131181a49f267f4dfa00378761
.agent-loop/initiatives/WS-AUTH-001-workstream-authorization-service/reviews/WS-AUTH-001-04A-pr-trust-bundle.md	.commitrail/initiatives/WS-AUTH-001/pre-cutover/reviews/WS-AUTH-001-04A-pr-trust-bundle.md	2f7f771a192c8fa0e8611b8449bd3c65ab5bef33
.agent-loop/initiatives/WS-AUTH-001-workstream-authorization-service/reviews/WS-AUTH-001-04B-external-review-response.md	.commitrail/initiatives/WS-AUTH-001/pre-cutover/reviews/WS-AUTH-001-04B-external-review-response.md	e13dbe1b5e01ba821893359e6294f0d3c8ec0f65
.agent-loop/initiatives/WS-AUTH-001-workstream-authorization-service/reviews/WS-AUTH-001-04B-internal-review-evidence.md	.commitrail/initiatives/WS-AUTH-001/pre-cutover/reviews/WS-AUTH-001-04B-internal-review-evidence.md	96684cd2e9bc623e2bc73758e7450f1ebc078889
.agent-loop/initiatives/WS-AUTH-001-workstream-authorization-service/reviews/WS-AUTH-001-04B-post-merge-memory-internal-review-evidence.md	.commitrail/initiatives/WS-AUTH-001/pre-cutover/reviews/WS-AUTH-001-04B-post-merge-memory-internal-review-evidence.md	9188b9a22c46eef94807c506662ea10416661f42
.agent-loop/initiatives/WS-AUTH-001-workstream-authorization-service/reviews/WS-AUTH-001-04B-post-merge-memory-pr-trust-bundle.md	.commitrail/initiatives/WS-AUTH-001/pre-cutover/reviews/WS-AUTH-001-04B-post-merge-memory-pr-trust-bundle.md	362fa04017cd060f71a859e1a75ab96359409f78
.agent-loop/initiatives/WS-AUTH-001-workstream-authorization-service/reviews/WS-AUTH-001-04B-pr-trust-bundle.md	.commitrail/initiatives/WS-AUTH-001/pre-cutover/reviews/WS-AUTH-001-04B-pr-trust-bundle.md	2fb9d22b1959c6ea26a72dbc9a3e49e9a7e5456b
.agent-loop/initiatives/WS-AUTH-001-workstream-authorization-service/reviews/WS-AUTH-001-05A-external-review-response.md	.commitrail/initiatives/WS-AUTH-001/pre-cutover/reviews/WS-AUTH-001-05A-external-review-response.md	7770077657f7d94540927ed2db4ac34701b38b56
.agent-loop/initiatives/WS-AUTH-001-workstream-authorization-service/reviews/WS-AUTH-001-05A-internal-review-evidence.md	.commitrail/initiatives/WS-AUTH-001/pre-cutover/reviews/WS-AUTH-001-05A-internal-review-evidence.md	03e82b7fe874104ae4a6cccac5728796953ba5f6
.agent-loop/initiatives/WS-AUTH-001-workstream-authorization-service/reviews/WS-AUTH-001-05A-post-merge-memory-internal-review-evidence.md	.commitrail/initiatives/WS-AUTH-001/pre-cutover/reviews/WS-AUTH-001-05A-post-merge-memory-internal-review-evidence.md	38241f86e72afb852a32b424802e54c38c401af0
.agent-loop/initiatives/WS-AUTH-001-workstream-authorization-service/reviews/WS-AUTH-001-05A-post-merge-memory-pr-trust-bundle.md	.commitrail/initiatives/WS-AUTH-001/pre-cutover/reviews/WS-AUTH-001-05A-post-merge-memory-pr-trust-bundle.md	5488988e4c91ec75e4240238f2ed48b81303837e
.agent-loop/initiatives/WS-AUTH-001-workstream-authorization-service/reviews/WS-AUTH-001-05A-pr-trust-bundle.md	.commitrail/initiatives/WS-AUTH-001/pre-cutover/reviews/WS-AUTH-001-05A-pr-trust-bundle.md	8124c4ba7e2004d32f8e79a7793a16febd0f6348
.agent-loop/initiatives/WS-AUTH-001-workstream-authorization-service/reviews/WS-AUTH-001-05B-internal-review-evidence.md	.commitrail/initiatives/WS-AUTH-001/pre-cutover/reviews/WS-AUTH-001-05B-internal-review-evidence.md	14c08c3d2125854c94457e8039176dd37da7cbb1
.agent-loop/initiatives/WS-AUTH-001-workstream-authorization-service/reviews/WS-AUTH-001-05B-pr-trust-bundle.md	.commitrail/initiatives/WS-AUTH-001/pre-cutover/reviews/WS-AUTH-001-05B-pr-trust-bundle.md	484565ab4c701532a8ae4adf02ac912062cdc198
.agent-loop/initiatives/WS-AUTH-001-workstream-authorization-service/reviews/WS-AUTH-001-06-external-review-response.md	.commitrail/initiatives/WS-AUTH-001/pre-cutover/reviews/WS-AUTH-001-06-external-review-response.md	94418433827866fd59bc2fd520b72e8d91ee3708
.agent-loop/initiatives/WS-AUTH-001-workstream-authorization-service/reviews/WS-AUTH-001-06-internal-review-evidence.md	.commitrail/initiatives/WS-AUTH-001/pre-cutover/reviews/WS-AUTH-001-06-internal-review-evidence.md	d9aeb1cf54dca03811b5dab256327c8ed12a868e
.agent-loop/initiatives/WS-AUTH-001-workstream-authorization-service/reviews/WS-AUTH-001-06-pr-trust-bundle.md	.commitrail/initiatives/WS-AUTH-001/pre-cutover/reviews/WS-AUTH-001-06-pr-trust-bundle.md	590e8d7d98e64f487170f6ed13ae90bb1920b7f0
.agent-loop/initiatives/WS-AUTH-001-workstream-authorization-service/reviews/WS-AUTH-001-07-preimplementation-plan-review.md	.commitrail/initiatives/WS-AUTH-001/pre-cutover/reviews/WS-AUTH-001-07-preimplementation-plan-review.md	73ff023e4b232c396eb9884a0187aa924fc3db24
.agent-loop/initiatives/WS-AUTH-001-workstream-authorization-service/reviews/WS-AUTH-001-07A-external-review-response.md	.commitrail/initiatives/WS-AUTH-001/pre-cutover/reviews/WS-AUTH-001-07A-external-review-response.md	1f44914232f089c16200cbf7abb4e9cc14ae19f2
.agent-loop/initiatives/WS-AUTH-001-workstream-authorization-service/reviews/WS-AUTH-001-07A-internal-review-evidence.md	.commitrail/initiatives/WS-AUTH-001/pre-cutover/reviews/WS-AUTH-001-07A-internal-review-evidence.md	0edd47b6347bb5f729e148280340dbb46696b297
.agent-loop/initiatives/WS-AUTH-001-workstream-authorization-service/reviews/WS-AUTH-001-07A-pr-trust-bundle.md	.commitrail/initiatives/WS-AUTH-001/pre-cutover/reviews/WS-AUTH-001-07A-pr-trust-bundle.md	19bf072a694d0e99de871890015349a03f68c240
.agent-loop/initiatives/WS-AUTH-001-workstream-authorization-service/reviews/WS-AUTH-001-07B-internal-review-evidence.md	.commitrail/initiatives/WS-AUTH-001/pre-cutover/reviews/WS-AUTH-001-07B-internal-review-evidence.md	14a68cafbe595c09cd014f1d894456f070fa3d43
.agent-loop/initiatives/WS-AUTH-001-workstream-authorization-service/reviews/WS-AUTH-001-07B-pr-trust-bundle.md	.commitrail/initiatives/WS-AUTH-001/pre-cutover/reviews/WS-AUTH-001-07B-pr-trust-bundle.md	b74349a051aa752b62b2be2065dcc09099ad6eab
.agent-loop/initiatives/WS-AUTH-001-workstream-authorization-service/reviews/WS-AUTH-001-08-external-review-response.md	.commitrail/initiatives/WS-AUTH-001/pre-cutover/reviews/WS-AUTH-001-08-external-review-response.md	e0de32472851e78b5fde65cc71b1e33d771542df
.agent-loop/initiatives/WS-AUTH-001-workstream-authorization-service/reviews/WS-AUTH-001-08-internal-review-evidence.md	.commitrail/initiatives/WS-AUTH-001/pre-cutover/reviews/WS-AUTH-001-08-internal-review-evidence.md	4d25025866e8f823aff77085808047549826c35e
.agent-loop/initiatives/WS-AUTH-001-workstream-authorization-service/reviews/WS-AUTH-001-08-pr-trust-bundle.md	.commitrail/initiatives/WS-AUTH-001/pre-cutover/reviews/WS-AUTH-001-08-pr-trust-bundle.md	0853f9b562d781d8b5ef30b6364137411609ba57
.agent-loop/initiatives/WS-AUTH-001-workstream-authorization-service/reviews/WS-AUTH-001-08-preimplementation-plan-review.md	.commitrail/initiatives/WS-AUTH-001/pre-cutover/reviews/WS-AUTH-001-08-preimplementation-plan-review.md	2df3ba75e441e1b9f30eb5d0b653328054b844b4
.agent-loop/initiatives/WS-AUTH-001-workstream-authorization-service/reviews/WS-AUTH-001-09-initial-plan-review.md	.commitrail/initiatives/WS-AUTH-001/pre-cutover/reviews/WS-AUTH-001-09-initial-plan-review.md	c13421c50da70880be108597499b1525535933e3
.agent-loop/initiatives/WS-AUTH-001-workstream-authorization-service/reviews/WS-AUTH-001-09A-external-review-response.md	.commitrail/initiatives/WS-AUTH-001/pre-cutover/reviews/WS-AUTH-001-09A-external-review-response.md	7ca9ea0ba05beb611c48d1c0cdfa7851f6ce6edf
.agent-loop/initiatives/WS-AUTH-001-workstream-authorization-service/reviews/WS-AUTH-001-09A-internal-review-evidence.md	.commitrail/initiatives/WS-AUTH-001/pre-cutover/reviews/WS-AUTH-001-09A-internal-review-evidence.md	191b7601184fece9e32994b2ab8fdae9347c3e1b
.agent-loop/initiatives/WS-AUTH-001-workstream-authorization-service/reviews/WS-AUTH-001-09A-pr-trust-bundle.md	.commitrail/initiatives/WS-AUTH-001/pre-cutover/reviews/WS-AUTH-001-09A-pr-trust-bundle.md	d0bfd48672135e783d7b12e00b4f1b0a1e7a33ab
.agent-loop/initiatives/WS-AUTH-001-workstream-authorization-service/reviews/WS-AUTH-001-09A-preimplementation-plan-review.md	.commitrail/initiatives/WS-AUTH-001/pre-cutover/reviews/WS-AUTH-001-09A-preimplementation-plan-review.md	a4e60f91ea050109d3f1b7d0a02e6af366586d77
.agent-loop/initiatives/WS-AUTH-001-workstream-authorization-service/reviews/WS-AUTH-001-09B-external-review-response.md	.commitrail/initiatives/WS-AUTH-001/pre-cutover/reviews/WS-AUTH-001-09B-external-review-response.md	f7ed79b59733f9d53740dee7821b71e3baf56218
.agent-loop/initiatives/WS-AUTH-001-workstream-authorization-service/reviews/WS-AUTH-001-09B-internal-review-evidence.md	.commitrail/initiatives/WS-AUTH-001/pre-cutover/reviews/WS-AUTH-001-09B-internal-review-evidence.md	f122b45231c75c8347792ff8741310943be20451
.agent-loop/initiatives/WS-AUTH-001-workstream-authorization-service/reviews/WS-AUTH-001-09B-pr-trust-bundle.md	.commitrail/initiatives/WS-AUTH-001/pre-cutover/reviews/WS-AUTH-001-09B-pr-trust-bundle.md	e5228ad9d1d3eb6a4bf2c3ce36f676237dbce7d6
.agent-loop/initiatives/WS-AUTH-001-workstream-authorization-service/reviews/WS-AUTH-001-09B-preimplementation-plan-review.md	.commitrail/initiatives/WS-AUTH-001/pre-cutover/reviews/WS-AUTH-001-09B-preimplementation-plan-review.md	554d5e51f99f9e75e69734e893a63060a50c6bc3
.agent-loop/initiatives/WS-AUTH-001-workstream-authorization-service/reviews/WS-AUTH-001-09C-external-review-response.md	.commitrail/initiatives/WS-AUTH-001/pre-cutover/reviews/WS-AUTH-001-09C-external-review-response.md	a004dac79963d01a6a36bd879e3873f1951d5236
.agent-loop/initiatives/WS-AUTH-001-workstream-authorization-service/reviews/WS-AUTH-001-09C-internal-review-evidence.md	.commitrail/initiatives/WS-AUTH-001/pre-cutover/reviews/WS-AUTH-001-09C-internal-review-evidence.md	4f44c663adfd6089b7db842bd26dd0884c0066e2
.agent-loop/initiatives/WS-AUTH-001-workstream-authorization-service/reviews/WS-AUTH-001-09C-pr-trust-bundle.md	.commitrail/initiatives/WS-AUTH-001/pre-cutover/reviews/WS-AUTH-001-09C-pr-trust-bundle.md	b435fed6f4db4144de6e4cf0e4c6287b663a5a64
.agent-loop/initiatives/WS-AUTH-001-workstream-authorization-service/reviews/WS-AUTH-001-09C-preimplementation-plan-review.md	.commitrail/initiatives/WS-AUTH-001/pre-cutover/reviews/WS-AUTH-001-09C-preimplementation-plan-review.md	e41d6395758f414d0b962013e2faa82e225db019
.agent-loop/initiatives/WS-AUTH-001-workstream-authorization-service/reviews/WS-AUTH-001-09D-A-external-review-response.md	.commitrail/initiatives/WS-AUTH-001/pre-cutover/reviews/WS-AUTH-001-09D-A-external-review-response.md	b445cab56c0e5911aeaa4cde28a10855c8e4fe10
.agent-loop/initiatives/WS-AUTH-001-workstream-authorization-service/reviews/WS-AUTH-001-09D-A-internal-review-evidence.md	.commitrail/initiatives/WS-AUTH-001/pre-cutover/reviews/WS-AUTH-001-09D-A-internal-review-evidence.md	ed31f7828dcd03887de8504a57ff98cd6cf4503b
.agent-loop/initiatives/WS-AUTH-001-workstream-authorization-service/reviews/WS-AUTH-001-09D-A-pr-trust-bundle.md	.commitrail/initiatives/WS-AUTH-001/pre-cutover/reviews/WS-AUTH-001-09D-A-pr-trust-bundle.md	e05bea1eca042334ef6b12a88b038926b87b91d7
.agent-loop/initiatives/WS-AUTH-001-workstream-authorization-service/reviews/WS-AUTH-001-09D-A-preimplementation-review-evidence.md	.commitrail/initiatives/WS-AUTH-001/pre-cutover/reviews/WS-AUTH-001-09D-A-preimplementation-review-evidence.md	42d9772a33258e02aea3b91c936011cb3ef4255f
.agent-loop/initiatives/WS-AUTH-001-workstream-authorization-service/reviews/WS-AUTH-001-09D-B-internal-review-evidence.md	.commitrail/initiatives/WS-AUTH-001/pre-cutover/reviews/WS-AUTH-001-09D-B-internal-review-evidence.md	75995b0741ccbe78eca197f4c753765240729f6d
.agent-loop/initiatives/WS-AUTH-001-workstream-authorization-service/reviews/WS-AUTH-001-09D-B-pr-trust-bundle.md	.commitrail/initiatives/WS-AUTH-001/pre-cutover/reviews/WS-AUTH-001-09D-B-pr-trust-bundle.md	61caf189f8355c0c8d5353d2950cec0160e40a42
.agent-loop/initiatives/WS-AUTH-001-workstream-authorization-service/reviews/WS-AUTH-001-09D-B-preimplementation-review-evidence.md	.commitrail/initiatives/WS-AUTH-001/pre-cutover/reviews/WS-AUTH-001-09D-B-preimplementation-review-evidence.md	b9c3f16bc52576235f142484eff92a9a66317616
.agent-loop/initiatives/WS-AUTH-001-workstream-authorization-service/reviews/WS-AUTH-001-09E-external-review-response.md	.commitrail/initiatives/WS-AUTH-001/pre-cutover/reviews/WS-AUTH-001-09E-external-review-response.md	e0cf81c27a3e0401ef7dbdf3a44c7adc1f7904b7
.agent-loop/initiatives/WS-AUTH-001-workstream-authorization-service/reviews/WS-AUTH-001-09E-internal-review-evidence.md	.commitrail/initiatives/WS-AUTH-001/pre-cutover/reviews/WS-AUTH-001-09E-internal-review-evidence.md	f73d762de36e4d439d9c8a0fda98603bbce9e376
.agent-loop/initiatives/WS-AUTH-001-workstream-authorization-service/reviews/WS-AUTH-001-09E-pr-trust-bundle.md	.commitrail/initiatives/WS-AUTH-001/pre-cutover/reviews/WS-AUTH-001-09E-pr-trust-bundle.md	a4041369e78a0218eaca8879ccfaffa4d30ab14f
.agent-loop/initiatives/WS-AUTH-001-workstream-authorization-service/reviews/WS-AUTH-001-10-external-review-response.md	.commitrail/initiatives/WS-AUTH-001/pre-cutover/reviews/WS-AUTH-001-10-external-review-response.md	1b98d4cb028137ef31985f3cfa09caf7e63a17d3
.agent-loop/initiatives/WS-AUTH-001-workstream-authorization-service/reviews/WS-AUTH-001-10-internal-review-evidence.md	.commitrail/initiatives/WS-AUTH-001/pre-cutover/reviews/WS-AUTH-001-10-internal-review-evidence.md	f90c57c011d7cac6198207f6bd6c41f4f663e90f
.agent-loop/initiatives/WS-AUTH-001-workstream-authorization-service/reviews/WS-AUTH-001-10-pr-trust-bundle.md	.commitrail/initiatives/WS-AUTH-001/pre-cutover/reviews/WS-AUTH-001-10-pr-trust-bundle.md	6cc51db9a6d0fea026f022d5e90af62bdbc7d636
.agent-loop/initiatives/WS-AUTH-001-workstream-authorization-service/reviews/WS-AUTH-001-10A-internal-review-evidence.md	.commitrail/initiatives/WS-AUTH-001/pre-cutover/reviews/WS-AUTH-001-10A-internal-review-evidence.md	e5747b760b1b12c61ed99843fded755bf3b8930a
.agent-loop/initiatives/WS-AUTH-001-workstream-authorization-service/reviews/WS-AUTH-001-10A-pr-trust-bundle.md	.commitrail/initiatives/WS-AUTH-001/pre-cutover/reviews/WS-AUTH-001-10A-pr-trust-bundle.md	e6d0002a27d4efca2c17ae1e35900bb6b4f2ae1f
.agent-loop/initiatives/WS-AUTH-001-workstream-authorization-service/reviews/WS-AUTH-001-10B-internal-review-evidence.md	.commitrail/initiatives/WS-AUTH-001/pre-cutover/reviews/WS-AUTH-001-10B-internal-review-evidence.md	838eaa4ceede028f86caea95bc9017ea770c7202
.agent-loop/initiatives/WS-AUTH-001-workstream-authorization-service/reviews/WS-AUTH-001-10B-pr-trust-bundle.md	.commitrail/initiatives/WS-AUTH-001/pre-cutover/reviews/WS-AUTH-001-10B-pr-trust-bundle.md	f620f94d0a2a346bfdfa6719fc0851ccd5cad0e7
.agent-loop/initiatives/WS-AUTH-001-workstream-authorization-service/reviews/WS-AUTH-001-10B1-external-review-response.md	.commitrail/initiatives/WS-AUTH-001/pre-cutover/reviews/WS-AUTH-001-10B1-external-review-response.md	b75abda17e9edbef91c98c023e763b4c5cee3565
.agent-loop/initiatives/WS-AUTH-001-workstream-authorization-service/reviews/WS-AUTH-001-10B1-internal-review-evidence.md	.commitrail/initiatives/WS-AUTH-001/pre-cutover/reviews/WS-AUTH-001-10B1-internal-review-evidence.md	f719fb9dc81b1f6cf46ef89a7335f0c07701c278
.agent-loop/initiatives/WS-AUTH-001-workstream-authorization-service/reviews/WS-AUTH-001-10B1-pr-trust-bundle.md	.commitrail/initiatives/WS-AUTH-001/pre-cutover/reviews/WS-AUTH-001-10B1-pr-trust-bundle.md	63cf2f807a8f5831472fce3f1b061f04f7ea17d0
.agent-loop/initiatives/WS-AUTH-001-workstream-authorization-service/reviews/WS-AUTH-001-10B2-external-review-response.md	.commitrail/initiatives/WS-AUTH-001/pre-cutover/reviews/WS-AUTH-001-10B2-external-review-response.md	e1b2c78be9d5ace35fe898a6f1ce07dc20cbac48
.agent-loop/initiatives/WS-AUTH-001-workstream-authorization-service/reviews/WS-AUTH-001-10B2-internal-review-evidence.md	.commitrail/initiatives/WS-AUTH-001/pre-cutover/reviews/WS-AUTH-001-10B2-internal-review-evidence.md	f32408261c831254330c44d775f5225d3e9c63c6
.agent-loop/initiatives/WS-AUTH-001-workstream-authorization-service/reviews/WS-AUTH-001-10B2-pr-trust-bundle.md	.commitrail/initiatives/WS-AUTH-001/pre-cutover/reviews/WS-AUTH-001-10B2-pr-trust-bundle.md	8ab6a63e0ccb91f26228b49f828fee6793cd087f
.agent-loop/initiatives/WS-AUTH-001-workstream-authorization-service/reviews/WS-AUTH-001-10C-external-review-response.md	.commitrail/initiatives/WS-AUTH-001/pre-cutover/reviews/WS-AUTH-001-10C-external-review-response.md	db98f00bd2dbc54c35088f107ad96b71595d5f70
.agent-loop/initiatives/WS-AUTH-001-workstream-authorization-service/reviews/WS-AUTH-001-10C-internal-review-evidence.md	.commitrail/initiatives/WS-AUTH-001/pre-cutover/reviews/WS-AUTH-001-10C-internal-review-evidence.md	af488abc724231fc7388aacb07a0bf441d98bad4
.agent-loop/initiatives/WS-AUTH-001-workstream-authorization-service/reviews/WS-AUTH-001-10C-pr-trust-bundle.md	.commitrail/initiatives/WS-AUTH-001/pre-cutover/reviews/WS-AUTH-001-10C-pr-trust-bundle.md	d4de67fa98fe1790fddb25167ad515e1755e79c1
.agent-loop/initiatives/WS-AUTH-001-workstream-authorization-service/reviews/WS-AUTH-001-11-external-review-response.md	.commitrail/initiatives/WS-AUTH-001/pre-cutover/reviews/WS-AUTH-001-11-external-review-response.md	bdcc84a1f4baa656670d99d7648291d86d54f6c3
.agent-loop/initiatives/WS-AUTH-001-workstream-authorization-service/reviews/WS-AUTH-001-11-internal-review-evidence.md	.commitrail/initiatives/WS-AUTH-001/pre-cutover/reviews/WS-AUTH-001-11-internal-review-evidence.md	272140206fdb3c93845fb6495be264db8fee4126
.agent-loop/initiatives/WS-AUTH-001-workstream-authorization-service/reviews/WS-AUTH-001-11-pr-trust-bundle.md	.commitrail/initiatives/WS-AUTH-001/pre-cutover/reviews/WS-AUTH-001-11-pr-trust-bundle.md	5a90a2a3df08fe880a1cc60debd9cff715a59419
.agent-loop/initiatives/WS-AUTH-001-workstream-authorization-service/reviews/WS-AUTH-001-11B-internal-review-evidence.md	.commitrail/initiatives/WS-AUTH-001/pre-cutover/reviews/WS-AUTH-001-11B-internal-review-evidence.md	fa04badaea98a50b933bb8a71d0cb62142f82336
.agent-loop/initiatives/WS-AUTH-001-workstream-authorization-service/reviews/WS-AUTH-001-11B-pr-trust-bundle.md	.commitrail/initiatives/WS-AUTH-001/pre-cutover/reviews/WS-AUTH-001-11B-pr-trust-bundle.md	c7e84fa5020b69b404f46ced4f64ffc70d830827
.agent-loop/initiatives/WS-AUTH-001-workstream-authorization-service/reviews/WS-AUTH-001-11C1-external-review-response.md	.commitrail/initiatives/WS-AUTH-001/pre-cutover/reviews/WS-AUTH-001-11C1-external-review-response.md	7083214ca38f9de0ee13b6ab73573163bfe75b77
.agent-loop/initiatives/WS-AUTH-001-workstream-authorization-service/reviews/WS-AUTH-001-11C1-pr-trust-bundle.md	.commitrail/initiatives/WS-AUTH-001/pre-cutover/reviews/WS-AUTH-001-11C1-pr-trust-bundle.md	9a4cff1e55c4444250ad2b53f1754992bbb92e67
.agent-loop/initiatives/WS-AUTH-001-workstream-authorization-service/reviews/WS-AUTH-001-11C2-external-review-response.md	.commitrail/initiatives/WS-AUTH-001/pre-cutover/reviews/WS-AUTH-001-11C2-external-review-response.md	c76ea98b556d83abf987f41d9c724e65914bdf7f
.agent-loop/initiatives/WS-AUTH-001-workstream-authorization-service/reviews/WS-AUTH-001-12-external-review-response.md	.commitrail/initiatives/WS-AUTH-001/pre-cutover/reviews/WS-AUTH-001-12-external-review-response.md	c33d038e5f12edd39da48b0c4de1391132890c68
.agent-loop/initiatives/WS-AUTH-001-workstream-authorization-service/reviews/WS-AUTH-001-12-internal-review-evidence.md	.commitrail/initiatives/WS-AUTH-001/pre-cutover/reviews/WS-AUTH-001-12-internal-review-evidence.md	171a8ce052ab4c362a1115d0b9ef9370ca5e80fc
.agent-loop/initiatives/WS-AUTH-001-workstream-authorization-service/reviews/WS-AUTH-001-12-pr-trust-bundle.md	.commitrail/initiatives/WS-AUTH-001/pre-cutover/reviews/WS-AUTH-001-12-pr-trust-bundle.md	c89faed8a7559ff3adf72833785dcc2f134c9b1f
.agent-loop/initiatives/WS-AUTH-001-workstream-authorization-service/reviews/WS-AUTH-001-12A-external-review-response.md	.commitrail/initiatives/WS-AUTH-001/pre-cutover/reviews/WS-AUTH-001-12A-external-review-response.md	a30dd34c911101c00c514bae83907817488c56ec
.agent-loop/initiatives/WS-AUTH-001-workstream-authorization-service/reviews/WS-AUTH-001-12C-external-review-response.md	.commitrail/initiatives/WS-AUTH-001/pre-cutover/reviews/WS-AUTH-001-12C-external-review-response.md	adcd3b51f2a63524dec94ecca91b64454afbd6c2
.agent-loop/initiatives/WS-AUTH-001-workstream-authorization-service/reviews/WS-AUTH-001-12D-external-review-response.md	.commitrail/initiatives/WS-AUTH-001/pre-cutover/reviews/WS-AUTH-001-12D-external-review-response.md	190e13de9874e92c0ddd9627cd1f3b27a4f2a26a
.agent-loop/initiatives/WS-AUTH-001-workstream-authorization-service/reviews/WS-AUTH-001-12D-internal-review-evidence.md	.commitrail/initiatives/WS-AUTH-001/pre-cutover/reviews/WS-AUTH-001-12D-internal-review-evidence.md	20f7b7c215ad0f2045c43fcda2d61708fddf144c
.agent-loop/initiatives/WS-AUTH-001-workstream-authorization-service/reviews/WS-AUTH-001-12D-pr-trust-bundle.md	.commitrail/initiatives/WS-AUTH-001/pre-cutover/reviews/WS-AUTH-001-12D-pr-trust-bundle.md	a91d33b6940526533d026faa7ae4de1840e6a79f
.agent-loop/initiatives/WS-AUTH-001-workstream-authorization-service/reviews/WS-AUTH-001-12E-external-review-response.md	.commitrail/initiatives/WS-AUTH-001/pre-cutover/reviews/WS-AUTH-001-12E-external-review-response.md	46d53081bdb7568cf251667aa069c6c20ec06e4f
.agent-loop/initiatives/WS-AUTH-001-workstream-authorization-service/reviews/WS-AUTH-001-12E-internal-review-evidence.md	.commitrail/initiatives/WS-AUTH-001/pre-cutover/reviews/WS-AUTH-001-12E-internal-review-evidence.md	396d6ee9cb98e14d8a384e7b86e0079e62d2af81
.agent-loop/initiatives/WS-AUTH-001-workstream-authorization-service/reviews/WS-AUTH-001-12E-pr-trust-bundle.md	.commitrail/initiatives/WS-AUTH-001/pre-cutover/reviews/WS-AUTH-001-12E-pr-trust-bundle.md	59d23e49ecede1d783c5d28f853ccdfc61d39a7c
.agent-loop/initiatives/WS-AUTH-001-workstream-authorization-service/reviews/WS-AUTH-001-12E-preimplementation-review-evidence.md	.commitrail/initiatives/WS-AUTH-001/pre-cutover/reviews/WS-AUTH-001-12E-preimplementation-review-evidence.md	e8717b089fe554a0d04809f67266f0535dcbe398
.agent-loop/initiatives/WS-AUTH-001-workstream-authorization-service/reviews/WS-AUTH-001-12F-planning-repair-external-review-response.md	.commitrail/initiatives/WS-AUTH-001/pre-cutover/reviews/WS-AUTH-001-12F-planning-repair-external-review-response.md	2c38e3ada60ca7cf9b34c692ed6021e7daa616cd
.agent-loop/initiatives/WS-AUTH-001-workstream-authorization-service/reviews/WS-AUTH-001-12F-planning-repair-pr-trust-bundle.md	.commitrail/initiatives/WS-AUTH-001/pre-cutover/reviews/WS-AUTH-001-12F-planning-repair-pr-trust-bundle.md	e91313a2a2d595d2ad6630ff4f261f09782e2607
.agent-loop/initiatives/WS-AUTH-001-workstream-authorization-service/reviews/WS-AUTH-001-12F-planning-repair-review-evidence.md	.commitrail/initiatives/WS-AUTH-001/pre-cutover/reviews/WS-AUTH-001-12F-planning-repair-review-evidence.md	8b53d845b1647ead9d8c61a4cd05b70db8e067f2
.agent-loop/initiatives/WS-AUTH-001-workstream-authorization-service/reviews/WS-AUTH-001-12F1-internal-review-evidence.md	.commitrail/initiatives/WS-AUTH-001/pre-cutover/reviews/WS-AUTH-001-12F1-internal-review-evidence.md	836fea60677455900b7898e27962859a4857f4a4
.agent-loop/initiatives/WS-AUTH-001-workstream-authorization-service/reviews/WS-AUTH-001-12F1-pr-trust-bundle.md	.commitrail/initiatives/WS-AUTH-001/pre-cutover/reviews/WS-AUTH-001-12F1-pr-trust-bundle.md	c82db6958840d5463d5a8fa9225c44ce6e3b6ece
.agent-loop/initiatives/WS-AUTH-001-workstream-authorization-service/reviews/WS-AUTH-001-12F2-internal-review-evidence.md	.commitrail/initiatives/WS-AUTH-001/pre-cutover/reviews/WS-AUTH-001-12F2-internal-review-evidence.md	5f48e7005cc32b94345457f5acd8095cb523d5d1
.agent-loop/initiatives/WS-AUTH-001-workstream-authorization-service/reviews/WS-AUTH-001-12F2-pr-trust-bundle.md	.commitrail/initiatives/WS-AUTH-001/pre-cutover/reviews/WS-AUTH-001-12F2-pr-trust-bundle.md	8e8d69b38abe88e9367def08dd378b946b712c34
.agent-loop/initiatives/WS-AUTH-001-workstream-authorization-service/reviews/WS-AUTH-001-12F3-external-review-response.md	.commitrail/initiatives/WS-AUTH-001/pre-cutover/reviews/WS-AUTH-001-12F3-external-review-response.md	a787429189d452656b3de09f62f26b534c1f7ab1
.agent-loop/initiatives/WS-AUTH-001-workstream-authorization-service/reviews/WS-AUTH-001-12F3-pr-trust-bundle.md	.commitrail/initiatives/WS-AUTH-001/pre-cutover/reviews/WS-AUTH-001-12F3-pr-trust-bundle.md	29aed7d565305cb2ec0d19a2998cc92cd6d3a145
.agent-loop/initiatives/WS-AUTH-001-workstream-authorization-service/reviews/WS-AUTH-001-12I-pr-trust-bundle.md	.commitrail/initiatives/WS-AUTH-001/pre-cutover/reviews/WS-AUTH-001-12I-pr-trust-bundle.md	b916e601e34983cf5565d248522367ba3970eba7
.agent-loop/initiatives/WS-AUTH-001-workstream-authorization-service/reviews/WS-AUTH-001-ART-CUSTODY-internal-review-evidence.md	.commitrail/initiatives/WS-AUTH-001/pre-cutover/reviews/WS-AUTH-001-ART-CUSTODY-internal-review-evidence.md	06513517f078a2b650855b6fd90adf0985a71914
.agent-loop/initiatives/WS-AUTH-001-workstream-authorization-service/reviews/WS-AUTH-001-ART-CUSTODY-pr-trust-bundle.md	.commitrail/initiatives/WS-AUTH-001/pre-cutover/reviews/WS-AUTH-001-ART-CUSTODY-pr-trust-bundle.md	096dc47d52a616011e5c7e6b1c28babf88fa07c4
.agent-loop/initiatives/WS-AUTH-001-workstream-authorization-service/reviews/WS-AUTH-001-CAT-external-review-response.md	.commitrail/initiatives/WS-AUTH-001/pre-cutover/reviews/WS-AUTH-001-CAT-external-review-response.md	eddf5c8a46ef8f919c3357827f10083d88ea7356
.agent-loop/initiatives/WS-AUTH-001-workstream-authorization-service/reviews/WS-AUTH-001-CAT-internal-review-evidence.md	.commitrail/initiatives/WS-AUTH-001/pre-cutover/reviews/WS-AUTH-001-CAT-internal-review-evidence.md	058acfb467d8d01b889a526291c1aacf6caaff66
.agent-loop/initiatives/WS-AUTH-001-workstream-authorization-service/reviews/WS-AUTH-001-CAT-post-merge-memory-internal-review-evidence.md	.commitrail/initiatives/WS-AUTH-001/pre-cutover/reviews/WS-AUTH-001-CAT-post-merge-memory-internal-review-evidence.md	fde485eb29d88d9b9f68acf2c275f4efe825d4fe
.agent-loop/initiatives/WS-AUTH-001-workstream-authorization-service/reviews/WS-AUTH-001-CAT-post-merge-memory-pr-trust-bundle.md	.commitrail/initiatives/WS-AUTH-001/pre-cutover/reviews/WS-AUTH-001-CAT-post-merge-memory-pr-trust-bundle.md	e8a1de2bd47dd576490a6e5d8638d71cc54be894
.agent-loop/initiatives/WS-AUTH-001-workstream-authorization-service/reviews/WS-AUTH-001-CAT-pr-trust-bundle.md	.commitrail/initiatives/WS-AUTH-001/pre-cutover/reviews/WS-AUTH-001-CAT-pr-trust-bundle.md	f0441d08dd4b1ddaef1143cd25f156fa24c796f2
.agent-loop/initiatives/WS-AUTH-001-workstream-authorization-service/reviews/WS-AUTH-001-CONTRIBUTOR-FOUNDATION-internal-review-evidence.md	.commitrail/initiatives/WS-AUTH-001/pre-cutover/reviews/WS-AUTH-001-CONTRIBUTOR-FOUNDATION-internal-review-evidence.md	866fd348045add3199b1d0fe24eaaa05b24499a6
.agent-loop/initiatives/WS-AUTH-001-workstream-authorization-service/reviews/WS-AUTH-001-CONTRIBUTOR-FOUNDATION-pr-trust-bundle.md	.commitrail/initiatives/WS-AUTH-001/pre-cutover/reviews/WS-AUTH-001-CONTRIBUTOR-FOUNDATION-pr-trust-bundle.md	cf59a8d7b5645ee8862de92348a6b896cde32d75
.agent-loop/initiatives/WS-AUTH-001-workstream-authorization-service/reviews/WS-AUTH-001-PLAN-internal-review-evidence.md	.commitrail/initiatives/WS-AUTH-001/pre-cutover/reviews/WS-AUTH-001-PLAN-internal-review-evidence.md	59fce435cd99ba12ddbc953f4cfa1b0d47d1c342
.agent-loop/initiatives/WS-AUTH-001-workstream-authorization-service/reviews/WS-AUTH-001-PLAN-post-merge-memory-internal-review-evidence.md	.commitrail/initiatives/WS-AUTH-001/pre-cutover/reviews/WS-AUTH-001-PLAN-post-merge-memory-internal-review-evidence.md	b0bd2e8119ae95e45252f484309191fc560e0154
.agent-loop/initiatives/WS-AUTH-001-workstream-authorization-service/reviews/WS-AUTH-001-PREP-external-review-response.md	.commitrail/initiatives/WS-AUTH-001/pre-cutover/reviews/WS-AUTH-001-PREP-external-review-response.md	988079849cf31a91087f058a042a558c9072d457
.agent-loop/initiatives/WS-AUTH-001-workstream-authorization-service/reviews/WS-AUTH-001-PREP-internal-review-evidence.md	.commitrail/initiatives/WS-AUTH-001/pre-cutover/reviews/WS-AUTH-001-PREP-internal-review-evidence.md	ef4b4f9f60e0fda2b2f3f121d7a06df0944553c6
.agent-loop/initiatives/WS-AUTH-001-workstream-authorization-service/reviews/WS-AUTH-001-PREP-pr-trust-bundle.md	.commitrail/initiatives/WS-AUTH-001/pre-cutover/reviews/WS-AUTH-001-PREP-pr-trust-bundle.md	2233baec89ce482f46d22f65b01016c7f0009e81
.agent-loop/initiatives/WS-AUTH-001-workstream-authorization-service/reviews/WS-AUTH-001-REV-CUSTODY-internal-review-evidence.md	.commitrail/initiatives/WS-AUTH-001/pre-cutover/reviews/WS-AUTH-001-REV-CUSTODY-internal-review-evidence.md	d86efe60f6637ae3261134f16253307950362a70
.agent-loop/initiatives/WS-AUTH-001-workstream-authorization-service/reviews/WS-AUTH-001-REV-CUSTODY-pr-trust-bundle.md	.commitrail/initiatives/WS-AUTH-001/pre-cutover/reviews/WS-AUTH-001-REV-CUSTODY-pr-trust-bundle.md	2dbf8e6a720b820971f390c08d9dca7d70a4b1fa
.agent-loop/initiatives/WS-AUTH-001-workstream-authorization-service/reviews/WS-AUTH-001-XINT-external-review-response.md	.commitrail/initiatives/WS-AUTH-001/pre-cutover/reviews/WS-AUTH-001-XINT-external-review-response.md	c68fe0f9fed128a61faa8df2d99fd4c6a295fc7a
.agent-loop/initiatives/WS-AUTH-001-workstream-authorization-service/reviews/WS-AUTH-001-XINT-internal-review-evidence.md	.commitrail/initiatives/WS-AUTH-001/pre-cutover/reviews/WS-AUTH-001-XINT-internal-review-evidence.md	cf9259f567ef37d7ec8721ec22b70974a948748f
.agent-loop/initiatives/WS-AUTH-001-workstream-authorization-service/reviews/WS-AUTH-001-XINT-pr-trust-bundle.md	.commitrail/initiatives/WS-AUTH-001/pre-cutover/reviews/WS-AUTH-001-XINT-pr-trust-bundle.md	628573e70ce50ce2848fbd9d68607bbb4d640221
.agent-loop/initiatives/WS-AUTH-003-module-boundary-recovery/CHUNK_MAP.md	.commitrail/initiatives/WS-AUTH-003/pre-cutover/CHUNK_MAP.md	8427270eb768186259e1347527e3c80cd5489f05
.agent-loop/initiatives/WS-AUTH-003-module-boundary-recovery/CONSUMER_API_MATRIX.md	.commitrail/initiatives/WS-AUTH-003/pre-cutover/CONSUMER_API_MATRIX.md	5bd75401f67aa10fc879723f7b0be0cc20b5a86b
.agent-loop/initiatives/WS-AUTH-003-module-boundary-recovery/DECISIONS.md	.commitrail/initiatives/WS-AUTH-003/pre-cutover/DECISIONS.md	e3281c40bb105e6767daf4ab8d0cdcdc9bff628e
.agent-loop/initiatives/WS-AUTH-003-module-boundary-recovery/DISCOVERY.md	.commitrail/initiatives/WS-AUTH-003/pre-cutover/DISCOVERY.md	c6be924ca1cace41c72a7eb95b8cdcf1630dcc0e
.agent-loop/initiatives/WS-AUTH-003-module-boundary-recovery/IMPORT_LEDGER.md	.commitrail/initiatives/WS-AUTH-003/pre-cutover/IMPORT_LEDGER.md	edaa0f2e65a975e2a5881aa20dc36c8c5be5eaa9
.agent-loop/initiatives/WS-AUTH-003-module-boundary-recovery/INTENT.md	.commitrail/initiatives/WS-AUTH-003/pre-cutover/INTENT.md	4d1f918cd45f661db5916267c4caeffe9c514d8e
.agent-loop/initiatives/WS-AUTH-003-module-boundary-recovery/PLAN.md	.commitrail/initiatives/WS-AUTH-003/pre-cutover/PLAN.md	403ac2c3414e6a38f346c3c58597d8bec64f58d0
.agent-loop/initiatives/WS-AUTH-003-module-boundary-recovery/RISKS.md	.commitrail/initiatives/WS-AUTH-003/pre-cutover/RISKS.md	4bea7eddf6cdcf4179ef312625d8b85109c55ab1
.agent-loop/initiatives/WS-AUTH-003-module-boundary-recovery/STATUS.md	.commitrail/initiatives/WS-AUTH-003/pre-cutover/STATUS.md	65fd09e6152565f44b648a9cbeffba34e7d18f11
.agent-loop/initiatives/WS-AUTH-003-module-boundary-recovery/TEST_STRUCTURE_DEBT.json	.commitrail/initiatives/WS-AUTH-003/pre-cutover/TEST_STRUCTURE_DEBT.json	7bb4911117d34656c87eed44019fed15e09b858b
.agent-loop/initiatives/WS-AUTH-003-module-boundary-recovery/TEST_STRUCTURE_POLICY.md	.commitrail/initiatives/WS-AUTH-003/pre-cutover/TEST_STRUCTURE_POLICY.md	3d0fa53be6790fe980f7f6a170040fb07faf7491
.agent-loop/initiatives/WS-AUTH-003-module-boundary-recovery/chunks/WS-AUTH-003-01-boundary-foundation.md	.commitrail/initiatives/WS-AUTH-003/pre-cutover/chunks/WS-AUTH-003-01-boundary-foundation.md	bba00f0bf3f11d02bb60b7aaee052c88dc37f692
.agent-loop/initiatives/WS-AUTH-003-module-boundary-recovery/reviews/WS-AUTH-003-01-external-review-response.md	.commitrail/initiatives/WS-AUTH-003/pre-cutover/reviews/WS-AUTH-003-01-external-review-response.md	d6120c11fd71c6cc291ce47e46e60bced17f6492
.agent-loop/initiatives/WS-AUTH-003-module-boundary-recovery/reviews/WS-AUTH-003-PLAN-external-review-response.md	.commitrail/initiatives/WS-AUTH-003/pre-cutover/reviews/WS-AUTH-003-PLAN-external-review-response.md	4a4910b9ba77190deef054d7e5b3bfd11abaad08
.agent-loop/initiatives/WS-CON-001-contribution-compensation-boundary/ACTIVE_DOC_INVENTORY.md	.commitrail/initiatives/WS-CON-001/pre-cutover/ACTIVE_DOC_INVENTORY.md	0eb0303e7ad7bc8ca63926c0d4ac281c67fe1dd6
.agent-loop/initiatives/WS-CON-001-contribution-compensation-boundary/ARTIFACT_STORAGE_HANDOFF.md	.commitrail/initiatives/WS-CON-001/pre-cutover/ARTIFACT_STORAGE_HANDOFF.md	590985b45ad2bf76fd30f0942c38c078e794d842
.agent-loop/initiatives/WS-CON-001-contribution-compensation-boundary/AUTHORIZATION_HANDOFF.md	.commitrail/initiatives/WS-CON-001/pre-cutover/AUTHORIZATION_HANDOFF.md	97f5741bda44a25a3bf3b8b496a05fdc6f26bb97
.agent-loop/initiatives/WS-CON-001-contribution-compensation-boundary/CHUNK_MAP.md	.commitrail/initiatives/WS-CON-001/pre-cutover/CHUNK_MAP.md	bc419b9bd9535c7c743e82440b8ed6bc2c2ed616
.agent-loop/initiatives/WS-CON-001-contribution-compensation-boundary/CONFORMANCE_MATRIX.md	.commitrail/initiatives/WS-CON-001/pre-cutover/CONFORMANCE_MATRIX.md	ef6e242302e10296d4ad9418872fcfa73fc9077d
.agent-loop/initiatives/WS-CON-001-contribution-compensation-boundary/DECISIONS.md	.commitrail/initiatives/WS-CON-001/pre-cutover/DECISIONS.md	9a36365aa60a737d881428d8f6535521f38372b3
.agent-loop/initiatives/WS-CON-001-contribution-compensation-boundary/DISCOVERY.md	.commitrail/initiatives/WS-CON-001/pre-cutover/DISCOVERY.md	e542fe63d2145758d40c3fd1f01f52603858aa91
.agent-loop/initiatives/WS-CON-001-contribution-compensation-boundary/INTENT.md	.commitrail/initiatives/WS-CON-001/pre-cutover/INTENT.md	b5f70e5c32e12d650474e6377db9e68ba8c6955d
.agent-loop/initiatives/WS-CON-001-contribution-compensation-boundary/JOINT_RELEASE_HANDOFF.md	.commitrail/initiatives/WS-CON-001/pre-cutover/JOINT_RELEASE_HANDOFF.md	5053f0e4d4648576357b070e63f3b169ad9358f8
.agent-loop/initiatives/WS-CON-001-contribution-compensation-boundary/PLAN.md	.commitrail/initiatives/WS-CON-001/pre-cutover/PLAN.md	d0092a7cc95b6c43a927759074b440356afd45cf
.agent-loop/initiatives/WS-CON-001-contribution-compensation-boundary/RISKS.md	.commitrail/initiatives/WS-CON-001/pre-cutover/RISKS.md	7d5c40bf8be78ef54aee6be0af15fb6991774587
.agent-loop/initiatives/WS-CON-001-contribution-compensation-boundary/RUNTIME_VERIFICATION.md	.commitrail/initiatives/WS-CON-001/pre-cutover/RUNTIME_VERIFICATION.md	3524de46c415fd790c7ddd9c6634dcc7dbf5825f
.agent-loop/initiatives/WS-CON-001-contribution-compensation-boundary/SOURCE_MANIFEST.md	.commitrail/initiatives/WS-CON-001/pre-cutover/SOURCE_MANIFEST.md	36ba99ae0ce56a6824545403633af07a9f2eb445
.agent-loop/initiatives/WS-CON-001-contribution-compensation-boundary/STATUS.md	.commitrail/initiatives/WS-CON-001/pre-cutover/STATUS.md	ada4617a0d0dbb76f14dab90755943845c3ba012
.agent-loop/initiatives/WS-CON-001-contribution-compensation-boundary/chunks/WS-CON-001-01-canonical-contract-adoption.md	.commitrail/initiatives/WS-CON-001/pre-cutover/chunks/WS-CON-001-01-canonical-contract-adoption.md	d938811ba42bb798450028ee2112ca626f795b9d
.agent-loop/initiatives/WS-CON-001-contribution-compensation-boundary/chunks/WS-CON-001-02A-shared-outbox-persistence.md	.commitrail/initiatives/WS-CON-001/pre-cutover/chunks/WS-CON-001-02A-shared-outbox-persistence.md	6236685452cf1f92aa457646798e1e0f1b3b25f3
.agent-loop/initiatives/WS-CON-001-contribution-compensation-boundary/chunks/WS-CON-001-02B-shared-outbox-dispatcher.md	.commitrail/initiatives/WS-CON-001/pre-cutover/chunks/WS-CON-001-02B-shared-outbox-dispatcher.md	026c6483ebbb7e0b3d5b9581cded68a6377a9bdf
.agent-loop/initiatives/WS-CON-001-contribution-compensation-boundary/chunks/WS-CON-001-02C-shared-lifecycle-audit-participant.md	.commitrail/initiatives/WS-CON-001/pre-cutover/chunks/WS-CON-001-02C-shared-lifecycle-audit-participant.md	8baa2907a3bd9fcd749d8b656a50db59004644e6
.agent-loop/initiatives/WS-CON-001-contribution-compensation-boundary/chunks/WS-CON-001-03A-adapter-binding-persistence.md	.commitrail/initiatives/WS-CON-001/pre-cutover/chunks/WS-CON-001-03A-adapter-binding-persistence.md	c453d0b94974b7b907e99d0cc4799fac82fa4728
.agent-loop/initiatives/WS-CON-001-contribution-compensation-boundary/chunks/WS-CON-001-03B-contribution-policy-persistence.md	.commitrail/initiatives/WS-CON-001/pre-cutover/chunks/WS-CON-001-03B-contribution-policy-persistence.md	b8262463f9c12e8da1c75b5635adb133a227a883
.agent-loop/initiatives/WS-CON-001-contribution-compensation-boundary/chunks/WS-CON-001-03C-contribution-award-persistence.md	.commitrail/initiatives/WS-CON-001/pre-cutover/chunks/WS-CON-001-03C-contribution-award-persistence.md	127d7c5fb9e2ab105123eeaeb2f0fbe8ab25aac5
.agent-loop/initiatives/WS-CON-001-contribution-compensation-boundary/chunks/WS-CON-001-03D-delivery-receipt-status-persistence.md	.commitrail/initiatives/WS-CON-001/pre-cutover/chunks/WS-CON-001-03D-delivery-receipt-status-persistence.md	53304d627231a31ad0acc244100e38f520a14894
.agent-loop/initiatives/WS-CON-001-contribution-compensation-boundary/chunks/WS-CON-001-04A-hidden-adapter-binding-service.md	.commitrail/initiatives/WS-CON-001/pre-cutover/chunks/WS-CON-001-04A-hidden-adapter-binding-service.md	6cb7039a42eef78892c081ef1ab2b672653ddf42
.agent-loop/initiatives/WS-CON-001-contribution-compensation-boundary/chunks/WS-CON-001-04B-hidden-contribution-policy-service.md	.commitrail/initiatives/WS-CON-001/pre-cutover/chunks/WS-CON-001-04B-hidden-contribution-policy-service.md	859ba61da26aa31b2308bb15cf5e24df9677d89c
.agent-loop/initiatives/WS-CON-001-contribution-compensation-boundary/chunks/WS-CON-001-05A-legacy-economic-terms-cutover-and-task-freeze.md	.commitrail/initiatives/WS-CON-001/pre-cutover/chunks/WS-CON-001-05A-legacy-economic-terms-cutover-and-task-freeze.md	ad8e324c7bb532511297032886399d1e0154f196
.agent-loop/initiatives/WS-CON-001-contribution-compensation-boundary/chunks/WS-CON-001-05B-legacy-economic-schema-removal.md	.commitrail/initiatives/WS-CON-001/pre-cutover/chunks/WS-CON-001-05B-legacy-economic-schema-removal.md	ceda6b6224ad11a791e719725f44dcaf4d65f843
.agent-loop/initiatives/WS-CON-001-contribution-compensation-boundary/chunks/WS-CON-001-06-review-lease-contribution-policy-freeze.md	.commitrail/initiatives/WS-CON-001/pre-cutover/chunks/WS-CON-001-06-review-lease-contribution-policy-freeze.md	0df69a8e3ebe3ac8cebf99c34989ced845b53ded
.agent-loop/initiatives/WS-CON-001-contribution-compensation-boundary/chunks/WS-CON-001-07-atomic-review-contribution-award-participant.md	.commitrail/initiatives/WS-CON-001/pre-cutover/chunks/WS-CON-001-07-atomic-review-contribution-award-participant.md	574e05f46c62f1006f72ee5f3c01e768dda364dc
.agent-loop/initiatives/WS-CON-001-contribution-compensation-boundary/chunks/WS-CON-001-08A-outbound-compensation-delivery.md	.commitrail/initiatives/WS-CON-001/pre-cutover/chunks/WS-CON-001-08A-outbound-compensation-delivery.md	0cadd227462dcda0081d70e400c4aa30dc622ca2
.agent-loop/initiatives/WS-CON-001-contribution-compensation-boundary/chunks/WS-CON-001-08B-inbound-fulfillment-callback.md	.commitrail/initiatives/WS-CON-001/pre-cutover/chunks/WS-CON-001-08B-inbound-fulfillment-callback.md	1cb47f88d42886ad40dd4def0820285d7145dd10
.agent-loop/initiatives/WS-CON-001-contribution-compensation-boundary/chunks/WS-CON-001-08R-bound-service-rate-control.md	.commitrail/initiatives/WS-CON-001/pre-cutover/chunks/WS-CON-001-08R-bound-service-rate-control.md	bd2afa95ef5502cddc97ceff6e7c8af244007e39
.agent-loop/initiatives/WS-CON-001-contribution-compensation-boundary/chunks/WS-CON-001-09A-contribution-evidence-write.md	.commitrail/initiatives/WS-CON-001/pre-cutover/chunks/WS-CON-001-09A-contribution-evidence-write.md	24c63e57f5729dd89c0c6bc2ffe74963830caff4
.agent-loop/initiatives/WS-CON-001-contribution-compensation-boundary/chunks/WS-CON-001-10A-contribution-award-product-reads.md	.commitrail/initiatives/WS-CON-001/pre-cutover/chunks/WS-CON-001-10A-contribution-award-product-reads.md	79735c5b798a688aee3bc8ede753d382837809b2
.agent-loop/initiatives/WS-CON-001-contribution-compensation-boundary/chunks/WS-CON-001-10B-operations-reconciliation-rebuild.md	.commitrail/initiatives/WS-CON-001/pre-cutover/chunks/WS-CON-001-10B-operations-reconciliation-rebuild.md	93dc04010250283b74e0d5151f5e11f70f444f0f
.agent-loop/initiatives/WS-CON-001-contribution-compensation-boundary/chunks/WS-CON-001-10C-operations-executors.md	.commitrail/initiatives/WS-CON-001/pre-cutover/chunks/WS-CON-001-10C-operations-executors.md	659c21ba289e81f58e9b9e32072bd3e467606f7b
.agent-loop/initiatives/WS-CON-001-contribution-compensation-boundary/chunks/WS-CON-001-11-hidden-release-readiness.md	.commitrail/initiatives/WS-CON-001/pre-cutover/chunks/WS-CON-001-11-hidden-release-readiness.md	5896e44818b201b1779ad8be343a232d4b11f16c
.agent-loop/initiatives/WS-CON-001-contribution-compensation-boundary/chunks/WS-CON-001-PLAN-contribution-compensation-planning.md	.commitrail/initiatives/WS-CON-001/pre-cutover/chunks/WS-CON-001-PLAN-contribution-compensation-planning.md	96843a5e1e586cf6b771c767886d7fbf57b0707c
.agent-loop/initiatives/WS-CON-001-contribution-compensation-boundary/chunks/WS-CON-001-PLAN2-final-acceptance-reconciliation.md	.commitrail/initiatives/WS-CON-001/pre-cutover/chunks/WS-CON-001-PLAN2-final-acceptance-reconciliation.md	2a80c6a283ae9defe4fefdd6cac24afee66cf0f7
.agent-loop/initiatives/WS-CON-001-contribution-compensation-boundary/chunks/WS-CON-001-PLAN3-auth-pr140-reconciliation.md	.commitrail/initiatives/WS-CON-001/pre-cutover/chunks/WS-CON-001-PLAN3-auth-pr140-reconciliation.md	7dcad0136571c4a14b294fa02ce7f5b9e9d040d2
.agent-loop/initiatives/WS-CON-001-contribution-compensation-boundary/chunks/WS-CON-001-PLAN4-current-main-reconciliation.md	.commitrail/initiatives/WS-CON-001/pre-cutover/chunks/WS-CON-001-PLAN4-current-main-reconciliation.md	a02caa85de2347c1f7b418766fd7724737f51be6
.agent-loop/initiatives/WS-CON-001-contribution-compensation-boundary/chunks/WS-CON-001-PLAN5-revision-rebase-reconciliation.md	.commitrail/initiatives/WS-CON-001/pre-cutover/chunks/WS-CON-001-PLAN5-revision-rebase-reconciliation.md	ababa23227dafff28c4029c8687a2814ad8da5d7
.agent-loop/initiatives/WS-CON-001-contribution-compensation-boundary/deferred/WS-CON-001-09B-authorized-contribution-evidence-read.md	.commitrail/initiatives/WS-CON-001/pre-cutover/deferred/WS-CON-001-09B-authorized-contribution-evidence-read.md	1c5bff8aeb685a6dced45f4dd73aaf35386504a9
.agent-loop/initiatives/WS-CON-001-contribution-compensation-boundary/reviews/WS-CON-001-01-external-review-response.md	.commitrail/initiatives/WS-CON-001/pre-cutover/reviews/WS-CON-001-01-external-review-response.md	46fb748e1ebefd034d8ffdfd8a08562a03b17ca9
.agent-loop/initiatives/WS-CON-001-contribution-compensation-boundary/reviews/WS-CON-001-01-internal-review-evidence.md	.commitrail/initiatives/WS-CON-001/pre-cutover/reviews/WS-CON-001-01-internal-review-evidence.md	dadd2ba437b56e2cce0367bd7458d415d3516c1b
.agent-loop/initiatives/WS-CON-001-contribution-compensation-boundary/reviews/WS-CON-001-01-pr-trust-bundle.md	.commitrail/initiatives/WS-CON-001/pre-cutover/reviews/WS-CON-001-01-pr-trust-bundle.md	7c21db651b38f57186b4f4e689ab6ae5a9d1c968
.agent-loop/initiatives/WS-CON-001-contribution-compensation-boundary/reviews/WS-CON-001-02A-external-review-response.md	.commitrail/initiatives/WS-CON-001/pre-cutover/reviews/WS-CON-001-02A-external-review-response.md	ca33533293b339f867f1ab5a1638370ed09d73eb
.agent-loop/initiatives/WS-CON-001-contribution-compensation-boundary/reviews/WS-CON-001-02A-internal-review-evidence.md	.commitrail/initiatives/WS-CON-001/pre-cutover/reviews/WS-CON-001-02A-internal-review-evidence.md	b8d94b93ea24e4d58a0e90e77572ab7ac0b5ad02
.agent-loop/initiatives/WS-CON-001-contribution-compensation-boundary/reviews/WS-CON-001-02A-pr-trust-bundle.md	.commitrail/initiatives/WS-CON-001/pre-cutover/reviews/WS-CON-001-02A-pr-trust-bundle.md	34d8c7bf6b20849883a7ebead9882790787c27f9
.agent-loop/initiatives/WS-CON-001-contribution-compensation-boundary/reviews/WS-CON-001-02A-preimplementation-plan-review.md	.commitrail/initiatives/WS-CON-001/pre-cutover/reviews/WS-CON-001-02A-preimplementation-plan-review.md	c1d24f665b0a8d55f0c24209bd5f182b43f61b36
.agent-loop/initiatives/WS-CON-001-contribution-compensation-boundary/reviews/WS-CON-001-02C-internal-review-evidence.md	.commitrail/initiatives/WS-CON-001/pre-cutover/reviews/WS-CON-001-02C-internal-review-evidence.md	dd684c5a7d8c8cbebfccdd8ce8a11b1524169529
.agent-loop/initiatives/WS-CON-001-contribution-compensation-boundary/reviews/WS-CON-001-02C-pr-trust-bundle.md	.commitrail/initiatives/WS-CON-001/pre-cutover/reviews/WS-CON-001-02C-pr-trust-bundle.md	a6d945a93cf76697380f98af541d032545436d03
.agent-loop/initiatives/WS-CON-001-contribution-compensation-boundary/reviews/WS-CON-001-03A-internal-review-evidence.md	.commitrail/initiatives/WS-CON-001/pre-cutover/reviews/WS-CON-001-03A-internal-review-evidence.md	bedf36240f53058c2526ad542167a6a019d67c3c
.agent-loop/initiatives/WS-CON-001-contribution-compensation-boundary/reviews/WS-CON-001-03A-pr-trust-bundle.md	.commitrail/initiatives/WS-CON-001/pre-cutover/reviews/WS-CON-001-03A-pr-trust-bundle.md	9f0f62ba76549d7df46998f444593d438cbed817
.agent-loop/initiatives/WS-CON-001-contribution-compensation-boundary/reviews/WS-CON-001-03B-external-review-response.md	.commitrail/initiatives/WS-CON-001/pre-cutover/reviews/WS-CON-001-03B-external-review-response.md	1d16fb3293ed9f7bdb942377596d496229c1761a
.agent-loop/initiatives/WS-CON-001-contribution-compensation-boundary/reviews/WS-CON-001-03B-internal-review-evidence.md	.commitrail/initiatives/WS-CON-001/pre-cutover/reviews/WS-CON-001-03B-internal-review-evidence.md	35940a51d0932baeb57d907672ef0cad5c838fe0
.agent-loop/initiatives/WS-CON-001-contribution-compensation-boundary/reviews/WS-CON-001-03B-pr-trust-bundle.md	.commitrail/initiatives/WS-CON-001/pre-cutover/reviews/WS-CON-001-03B-pr-trust-bundle.md	f25c5927f421105c6b75cecc7ccd5d347cab8122
.agent-loop/initiatives/WS-CON-001-contribution-compensation-boundary/reviews/WS-CON-001-PLAN-internal-review-evidence.md	.commitrail/initiatives/WS-CON-001/pre-cutover/reviews/WS-CON-001-PLAN-internal-review-evidence.md	4f72b8c1a67ccd45c71346264a9b317379fbc67a
.agent-loop/initiatives/WS-CON-001-contribution-compensation-boundary/reviews/WS-CON-001-PLAN2-internal-review-evidence.md	.commitrail/initiatives/WS-CON-001/pre-cutover/reviews/WS-CON-001-PLAN2-internal-review-evidence.md	4a8731349c218728694d6e35b59d2c28b465a2b7
.agent-loop/initiatives/WS-CON-001-contribution-compensation-boundary/reviews/WS-CON-001-PLAN3-external-review-response.md	.commitrail/initiatives/WS-CON-001/pre-cutover/reviews/WS-CON-001-PLAN3-external-review-response.md	8fcaeb2cf0d58be66e25f9ba8197722e71ed372c
.agent-loop/initiatives/WS-CON-001-contribution-compensation-boundary/reviews/WS-CON-001-PLAN3-internal-review-evidence.md	.commitrail/initiatives/WS-CON-001/pre-cutover/reviews/WS-CON-001-PLAN3-internal-review-evidence.md	5082aaf01b0d51f57f7efd4c0608b2d7a1be9d08
.agent-loop/initiatives/WS-CON-001-contribution-compensation-boundary/reviews/WS-CON-001-PLAN3-pr-trust-bundle.md	.commitrail/initiatives/WS-CON-001/pre-cutover/reviews/WS-CON-001-PLAN3-pr-trust-bundle.md	f222ede8121b6ef1757eae3ccaffefcc0ef03c2b
.agent-loop/initiatives/WS-CON-001-contribution-compensation-boundary/reviews/WS-CON-001-PLAN4-external-review-response.md	.commitrail/initiatives/WS-CON-001/pre-cutover/reviews/WS-CON-001-PLAN4-external-review-response.md	0c77ecd457b3b49eeda171603249f9dce8c2796f
.agent-loop/initiatives/WS-CON-001-contribution-compensation-boundary/reviews/WS-CON-001-PLAN4-pr-trust-bundle.md	.commitrail/initiatives/WS-CON-001/pre-cutover/reviews/WS-CON-001-PLAN4-pr-trust-bundle.md	a5e9a8990c74fdaea7c2c32f92a3945b48d4862c
.agent-loop/initiatives/WS-DOCS-001-current-v01-documentation/chunks/WS-DOCS-001-04-public-v01-roadmap.md	.commitrail/initiatives/WS-DOCS-001/pre-cutover/chunks/WS-DOCS-001-04-public-v01-roadmap.md	273b44278be88ae03e732b154aad11551a9a0514
.agent-loop/initiatives/WS-DOCS-001-current-v01-documentation/reviews/WS-DOCS-001-04-external-review-response.md	.commitrail/initiatives/WS-DOCS-001/pre-cutover/reviews/WS-DOCS-001-04-external-review-response.md	5c585321f430a06e914b2f648c36060fc25c3189
.agent-loop/initiatives/WS-POL-003-unified-project-guide-compilation/CHUNK_MAP.md	.commitrail/initiatives/WS-POL-003/pre-cutover/CHUNK_MAP.md	6a9d652564321cd92562a6a96951376cb71bbb99
.agent-loop/initiatives/WS-POL-003-unified-project-guide-compilation/DECISIONS.md	.commitrail/initiatives/WS-POL-003/pre-cutover/DECISIONS.md	3d31988d54e13181cef6df7f60cfa779fce3dde0
.agent-loop/initiatives/WS-POL-003-unified-project-guide-compilation/DISCOVERY.md	.commitrail/initiatives/WS-POL-003/pre-cutover/DISCOVERY.md	31e44321ec59bbd2c4b67cf2553c70b4dc400bfa
.agent-loop/initiatives/WS-POL-003-unified-project-guide-compilation/INTENT.md	.commitrail/initiatives/WS-POL-003/pre-cutover/INTENT.md	9d4d39092b5072c7cc949abfddf760d6c28c69ea
.agent-loop/initiatives/WS-POL-003-unified-project-guide-compilation/PLAN.md	.commitrail/initiatives/WS-POL-003/pre-cutover/PLAN.md	0bf3e2f6a6b7b0088e77eb08fc5dec81835850e9
.agent-loop/initiatives/WS-POL-003-unified-project-guide-compilation/RISKS.md	.commitrail/initiatives/WS-POL-003/pre-cutover/RISKS.md	118b137c997ba1f06d4fc39fb1133d3a4321f44d
.agent-loop/initiatives/WS-POL-003-unified-project-guide-compilation/STATUS.md	.commitrail/initiatives/WS-POL-003/pre-cutover/STATUS.md	558cc9f119776ef19a5a85ac4d68d2be49cd59e3
.agent-loop/initiatives/WS-POL-003-unified-project-guide-compilation/chunks/WS-POL-003-01-contract-catalogue-projection.md	.commitrail/initiatives/WS-POL-003/pre-cutover/chunks/WS-POL-003-01-contract-catalogue-projection.md	3e7be54973de5f503fb7534c1f4925aff600a997
.agent-loop/initiatives/WS-POL-003-unified-project-guide-compilation/chunks/WS-POL-003-02-unified-agent-adapter.md	.commitrail/initiatives/WS-POL-003/pre-cutover/chunks/WS-POL-003-02-unified-agent-adapter.md	0f8af65e9a98adaa89407df6f529742bf9cfb45d
.agent-loop/initiatives/WS-POL-003-unified-project-guide-compilation/chunks/WS-POL-003-03-compilation-persistence-validator.md	.commitrail/initiatives/WS-POL-003/pre-cutover/chunks/WS-POL-003-03-compilation-persistence-validator.md	a037c587f78db039b3ad8252735ab76bab4b68fa
.agent-loop/initiatives/WS-POL-003-unified-project-guide-compilation/chunks/WS-POL-003-03A-hidden-compilation-foundation.md	.commitrail/initiatives/WS-POL-003/pre-cutover/chunks/WS-POL-003-03A-hidden-compilation-foundation.md	7d2af5e75febf28254d51ba044b4d7a1400f83d2
.agent-loop/initiatives/WS-POL-003-unified-project-guide-compilation/chunks/WS-POL-003-03B-authorized-compilation-persistence.md	.commitrail/initiatives/WS-POL-003/pre-cutover/chunks/WS-POL-003-03B-authorized-compilation-persistence.md	d4ebfbf7c687c0c1b321e3065b8597eca71fa744
.agent-loop/initiatives/WS-POL-003-unified-project-guide-compilation/chunks/WS-POL-003-04-initial-setup-cutover.md	.commitrail/initiatives/WS-POL-003/pre-cutover/chunks/WS-POL-003-04-initial-setup-cutover.md	60c66f7935a2ec4b4bad3ae97983c71a88f6457f
.agent-loop/initiatives/WS-POL-003-unified-project-guide-compilation/chunks/WS-POL-003-04A-hidden-unified-setup.md	.commitrail/initiatives/WS-POL-003/pre-cutover/chunks/WS-POL-003-04A-hidden-unified-setup.md	bb2ee582f0e7ae9e6f6bd6a4179720358b761a57
.agent-loop/initiatives/WS-POL-003-unified-project-guide-compilation/chunks/WS-POL-003-04A3-hidden-compilation-projections.md	.commitrail/initiatives/WS-POL-003/pre-cutover/chunks/WS-POL-003-04A3-hidden-compilation-projections.md	5189175d412131fe06f65fce4a220503056a5930
.agent-loop/initiatives/WS-POL-003-unified-project-guide-compilation/chunks/WS-POL-003-04B-live-unified-setup-cutover.md	.commitrail/initiatives/WS-POL-003/pre-cutover/chunks/WS-POL-003-04B-live-unified-setup-cutover.md	a4c9f1b374b5c79e659a2798665de53d23328687
.agent-loop/initiatives/WS-POL-003-unified-project-guide-compilation/chunks/WS-POL-003-05-approval-pre-submit-integration.md	.commitrail/initiatives/WS-POL-003/pre-cutover/chunks/WS-POL-003-05-approval-pre-submit-integration.md	91cd839c5abb01e58a5edfc60652820ac9c0ed29
.agent-loop/initiatives/WS-POL-003-unified-project-guide-compilation/chunks/WS-POL-003-05A-hidden-pre-submit-approval.md	.commitrail/initiatives/WS-POL-003/pre-cutover/chunks/WS-POL-003-05A-hidden-pre-submit-approval.md	5c5a6235b8844e07e9354d866300996b778581fd
.agent-loop/initiatives/WS-POL-003-unified-project-guide-compilation/chunks/WS-POL-003-05B-live-pre-submit-approval.md	.commitrail/initiatives/WS-POL-003/pre-cutover/chunks/WS-POL-003-05B-live-pre-submit-approval.md	8a3b915dff9768470dfe1818393587d013ab61af
.agent-loop/initiatives/WS-POL-003-unified-project-guide-compilation/chunks/WS-POL-003-06-post-submit-deterministic-cutover.md	.commitrail/initiatives/WS-POL-003/pre-cutover/chunks/WS-POL-003-06-post-submit-deterministic-cutover.md	03e659520275262a80a656bdfb00acbabc98d3f8
.agent-loop/initiatives/WS-POL-003-unified-project-guide-compilation/chunks/WS-POL-003-06A-hidden-post-submit-projection.md	.commitrail/initiatives/WS-POL-003/pre-cutover/chunks/WS-POL-003-06A-hidden-post-submit-projection.md	c474e718a713eadcc2d0fe795e089eb097ff56f6
.agent-loop/initiatives/WS-POL-003-unified-project-guide-compilation/chunks/WS-POL-003-06B-live-post-submit-projection.md	.commitrail/initiatives/WS-POL-003/pre-cutover/chunks/WS-POL-003-06B-live-post-submit-projection.md	ee5c9b7978d68e25c5c7135b35685f79bbba8add
.agent-loop/initiatives/WS-POL-003-unified-project-guide-compilation/chunks/WS-POL-003-07-single-checker-service-port.md	.commitrail/initiatives/WS-POL-003/pre-cutover/chunks/WS-POL-003-07-single-checker-service-port.md	fcf826f15bc998c4bb18b9ee170c878a5efeed3b
.agent-loop/initiatives/WS-POL-003-unified-project-guide-compilation/chunks/WS-POL-003-08-visibility-correction-cleanup.md	.commitrail/initiatives/WS-POL-003/pre-cutover/chunks/WS-POL-003-08-visibility-correction-cleanup.md	924c7ef16a28aa7f3a76c94ed2a856bb216394ec
.agent-loop/initiatives/WS-POL-003-unified-project-guide-compilation/reviews/WS-POL-003-01-internal-review-evidence.md	.commitrail/initiatives/WS-POL-003/pre-cutover/reviews/WS-POL-003-01-internal-review-evidence.md	d9f57538026e7f319614770da1680808ca97aa52
.agent-loop/initiatives/WS-POL-003-unified-project-guide-compilation/reviews/WS-POL-003-01-pr-trust-bundle.md	.commitrail/initiatives/WS-POL-003/pre-cutover/reviews/WS-POL-003-01-pr-trust-bundle.md	b6e57db13acfe9c2abc64d12bea9f4f4d35cbe0a
.agent-loop/initiatives/WS-POL-003-unified-project-guide-compilation/reviews/WS-POL-003-02-internal-review-evidence.md	.commitrail/initiatives/WS-POL-003/pre-cutover/reviews/WS-POL-003-02-internal-review-evidence.md	e0463ef289d6291b28d17532cad7a522384f66b7
.agent-loop/initiatives/WS-POL-003-unified-project-guide-compilation/reviews/WS-POL-003-02-pr-trust-bundle.md	.commitrail/initiatives/WS-POL-003/pre-cutover/reviews/WS-POL-003-02-pr-trust-bundle.md	4ab957c4ab7adb99e3fb14c1357536738eb23b0a
.agent-loop/initiatives/WS-POL-003-unified-project-guide-compilation/reviews/WS-POL-003-03A-external-review-response.md	.commitrail/initiatives/WS-POL-003/pre-cutover/reviews/WS-POL-003-03A-external-review-response.md	2972e56ac639404e92c35f2f603cd77f39c3c40f
.agent-loop/initiatives/WS-POL-003-unified-project-guide-compilation/reviews/WS-POL-003-03A-internal-review-evidence.md	.commitrail/initiatives/WS-POL-003/pre-cutover/reviews/WS-POL-003-03A-internal-review-evidence.md	cbb723ce46fe7105ae89c8ad4b7c2347ba451030
.agent-loop/initiatives/WS-POL-003-unified-project-guide-compilation/reviews/WS-POL-003-03A-pr-trust-bundle.md	.commitrail/initiatives/WS-POL-003/pre-cutover/reviews/WS-POL-003-03A-pr-trust-bundle.md	8c77e6f5445ea54d25d1cb71bff54b822c2c6597
.agent-loop/initiatives/WS-POL-003-unified-project-guide-compilation/reviews/WS-POL-003-03B-implementation-review-evidence.md	.commitrail/initiatives/WS-POL-003/pre-cutover/reviews/WS-POL-003-03B-implementation-review-evidence.md	00b452c175d70b8e103673b266886ba6bffb97b7
.agent-loop/initiatives/WS-POL-003-unified-project-guide-compilation/reviews/WS-POL-003-03B-preimplementation-review-evidence.md	.commitrail/initiatives/WS-POL-003/pre-cutover/reviews/WS-POL-003-03B-preimplementation-review-evidence.md	365919dfa5b66f578f0924cfe269651715366961
.agent-loop/initiatives/WS-POL-003-unified-project-guide-compilation/reviews/WS-POL-003-04A-implementation-review-evidence.md	.commitrail/initiatives/WS-POL-003/pre-cutover/reviews/WS-POL-003-04A-implementation-review-evidence.md	43d59477fe90c4bf3b2f6a226f2e6df146ca0b8e
.agent-loop/initiatives/WS-POL-003-unified-project-guide-compilation/reviews/WS-POL-003-04A-preimplementation-review-evidence.md	.commitrail/initiatives/WS-POL-003/pre-cutover/reviews/WS-POL-003-04A-preimplementation-review-evidence.md	1cfd0e132418c7925ec0adb9bb3f72e9a1cf14d5
.agent-loop/initiatives/WS-POL-003-unified-project-guide-compilation/reviews/WS-POL-003-04A3-external-review-response.md	.commitrail/initiatives/WS-POL-003/pre-cutover/reviews/WS-POL-003-04A3-external-review-response.md	68bd722cfe4a7e5f9fe7ec4491ef53280a9450fd
.agent-loop/initiatives/WS-POL-003-unified-project-guide-compilation/reviews/WS-POL-003-04A3-implementation-review-evidence.md	.commitrail/initiatives/WS-POL-003/pre-cutover/reviews/WS-POL-003-04A3-implementation-review-evidence.md	d559f912885d0d48074e09247f08077da536a2f3
.agent-loop/initiatives/WS-POL-003-unified-project-guide-compilation/reviews/WS-POL-003-PLAN-internal-review-evidence.md	.commitrail/initiatives/WS-POL-003/pre-cutover/reviews/WS-POL-003-PLAN-internal-review-evidence.md	d03dd68fa0c759d5bccf45ba4a9263df6543292b
.agent-loop/initiatives/WS-POL-003-unified-project-guide-compilation/reviews/WS-POL-003-PLAN-pr-trust-bundle.md	.commitrail/initiatives/WS-POL-003/pre-cutover/reviews/WS-POL-003-PLAN-pr-trust-bundle.md	f854374a1fc5d66cce0c9392fb508b477fd62474
.agent-loop/initiatives/WS-POL-003-unified-project-guide-compilation/reviews/WS-POL-003-RECONCILIATION-external-review-response.md	.commitrail/initiatives/WS-POL-003/pre-cutover/reviews/WS-POL-003-RECONCILIATION-external-review-response.md	042f21ff588180088d49a671a28f59a7ea25e6f6
.agent-loop/initiatives/WS-POL-003-unified-project-guide-compilation/reviews/WS-POL-003-RECONCILIATION-internal-review-evidence.md	.commitrail/initiatives/WS-POL-003/pre-cutover/reviews/WS-POL-003-RECONCILIATION-internal-review-evidence.md	af8421e80778bc4f9cb800fce01b18a8e2080819
.agent-loop/initiatives/WS-POL-003-unified-project-guide-compilation/reviews/WS-POL-003-RECONCILIATION-pr-trust-bundle.md	.commitrail/initiatives/WS-POL-003/pre-cutover/reviews/WS-POL-003-RECONCILIATION-pr-trust-bundle.md	0671c08839b24febc02aef5cc1d78d33109ea2ec
.agent-loop/initiatives/WS-QUAL-002-behavior-ownership-catalogue/CHUNK_MAP.md	.commitrail/initiatives/WS-QUAL-002/pre-cutover/CHUNK_MAP.md	ecf4548907bade87e150491ef8596a737c68ef37
.agent-loop/initiatives/WS-QUAL-002-behavior-ownership-catalogue/DECISIONS.md	.commitrail/initiatives/WS-QUAL-002/pre-cutover/DECISIONS.md	023a66efc180ad2963b7004ab6350c288e45045f
.agent-loop/initiatives/WS-QUAL-002-behavior-ownership-catalogue/DISCOVERY.md	.commitrail/initiatives/WS-QUAL-002/pre-cutover/DISCOVERY.md	1c948e4788c35ffc2b0e55423b442daa005e5b28
.agent-loop/initiatives/WS-QUAL-002-behavior-ownership-catalogue/INTENT.md	.commitrail/initiatives/WS-QUAL-002/pre-cutover/INTENT.md	9248a4c89a55c4e6e56b682cb9b664f451668868
.agent-loop/initiatives/WS-QUAL-002-behavior-ownership-catalogue/PLAN.md	.commitrail/initiatives/WS-QUAL-002/pre-cutover/PLAN.md	3524e149f5d6c72959112a0190055aff70608a63
.agent-loop/initiatives/WS-QUAL-002-behavior-ownership-catalogue/RISKS.md	.commitrail/initiatives/WS-QUAL-002/pre-cutover/RISKS.md	a1db1fbfe4fc9bd30e99b4b1eb81229fa996fc22
.agent-loop/initiatives/WS-QUAL-002-behavior-ownership-catalogue/STATUS.md	.commitrail/initiatives/WS-QUAL-002/pre-cutover/STATUS.md	44e112b8f04f790349b565e1cebbb4db4685c5f6
.agent-loop/initiatives/WS-QUAL-002-behavior-ownership-catalogue/chunks/WS-QUAL-002-01-catalogue-foundation.md	.commitrail/initiatives/WS-QUAL-002/pre-cutover/chunks/WS-QUAL-002-01-catalogue-foundation.md	7d5dc5f3fe03b2f4b75d8eb675b891cf6bdef0f0
.agent-loop/initiatives/WS-QUAL-002-behavior-ownership-catalogue/chunks/WS-QUAL-002-02-context-evidence.md	.commitrail/initiatives/WS-QUAL-002/pre-cutover/chunks/WS-QUAL-002-02-context-evidence.md	808f790c3c2acb41eb777bbac45174df3fd31a64
.agent-loop/initiatives/WS-QUAL-002-behavior-ownership-catalogue/chunks/WS-QUAL-002-03A-auth-ownership.md	.commitrail/initiatives/WS-QUAL-002/pre-cutover/chunks/WS-QUAL-002-03A-auth-ownership.md	452bb7d9fe6c6b5a5600d39dc1bd051f19ec7bbf
.agent-loop/initiatives/WS-QUAL-002-behavior-ownership-catalogue/chunks/WS-QUAL-002-03B-artifact-ownership.md	.commitrail/initiatives/WS-QUAL-002/pre-cutover/chunks/WS-QUAL-002-03B-artifact-ownership.md	ad5f29e5459722151ce35005ef84657dcf049536
.agent-loop/initiatives/WS-QUAL-002-behavior-ownership-catalogue/chunks/WS-QUAL-002-03C-lifecycle-ownership.md	.commitrail/initiatives/WS-QUAL-002/pre-cutover/chunks/WS-QUAL-002-03C-lifecycle-ownership.md	d93de77eb2a28a0e464a446ff148c195616494d3
.agent-loop/initiatives/WS-QUAL-002-behavior-ownership-catalogue/chunks/WS-QUAL-002-03D-shared-ownership.md	.commitrail/initiatives/WS-QUAL-002/pre-cutover/chunks/WS-QUAL-002-03D-shared-ownership.md	ec5f21ed5963c3c830175b832bcdc4f718ef5bb0
.agent-loop/initiatives/WS-QUAL-002-behavior-ownership-catalogue/chunks/WS-QUAL-002-04-completeness-preparation.md	.commitrail/initiatives/WS-QUAL-002/pre-cutover/chunks/WS-QUAL-002-04-completeness-preparation.md	8d0188955c66002f8376879a1343815d7af5176e
.agent-loop/initiatives/WS-QUAL-002-behavior-ownership-catalogue/chunks/WS-QUAL-002-05-mutation-reactivation.md	.commitrail/initiatives/WS-QUAL-002/pre-cutover/chunks/WS-QUAL-002-05-mutation-reactivation.md	f7ebe71596ba49b7f0c90a11fc361e568a860444
.agent-loop/initiatives/WS-QUAL-002-behavior-ownership-catalogue/reviews/WS-QUAL-002-01-pr-trust-bundle.md	.commitrail/initiatives/WS-QUAL-002/pre-cutover/reviews/WS-QUAL-002-01-pr-trust-bundle.md	5ae13b03e084855c2e7e15c9e16722bbc866f97f
.agent-loop/initiatives/WS-QUAL-002-behavior-ownership-catalogue/reviews/WS-QUAL-002-02-external-review-response.md	.commitrail/initiatives/WS-QUAL-002/pre-cutover/reviews/WS-QUAL-002-02-external-review-response.md	1bd3221508d9045533fa0e64bda6904bd5982923
.agent-loop/initiatives/WS-QUAL-002-behavior-ownership-catalogue/reviews/WS-QUAL-002-02-internal-review-evidence.md	.commitrail/initiatives/WS-QUAL-002/pre-cutover/reviews/WS-QUAL-002-02-internal-review-evidence.md	763f760942dee7debd4787df819bbb014794323c
.agent-loop/initiatives/WS-QUAL-002-behavior-ownership-catalogue/reviews/WS-QUAL-002-02-pr-trust-bundle.md	.commitrail/initiatives/WS-QUAL-002/pre-cutover/reviews/WS-QUAL-002-02-pr-trust-bundle.md	f4a1d54f39dd0ed90d95e23581b2229928900230
.agent-loop/initiatives/WS-REV-001-review-revision-lifecycle/CHUNK_MAP.md	.commitrail/initiatives/WS-REV-001/pre-cutover/CHUNK_MAP.md	e0c09e7c891bbe68514f95c01ba477deb33c0cdb
.agent-loop/initiatives/WS-REV-001-review-revision-lifecycle/CONFORMANCE_MATRIX.md	.commitrail/initiatives/WS-REV-001/pre-cutover/CONFORMANCE_MATRIX.md	e3a0e1557b70d93b601449479fb1c50e83e419b3
.agent-loop/initiatives/WS-REV-001-review-revision-lifecycle/CON_INTEGRATION_REVIEW.md	.commitrail/initiatives/WS-REV-001/pre-cutover/CON_INTEGRATION_REVIEW.md	69494eeec8fd7db7837499e6df9ae16026ea7394
.agent-loop/initiatives/WS-REV-001-review-revision-lifecycle/DECISIONS.md	.commitrail/initiatives/WS-REV-001/pre-cutover/DECISIONS.md	aac01d1ea72923d45d304f2b74b9a26a8f93b709
.agent-loop/initiatives/WS-REV-001-review-revision-lifecycle/DISCOVERY.md	.commitrail/initiatives/WS-REV-001/pre-cutover/DISCOVERY.md	1f6a6ee1e34c9591fc079968487107a09077dde3
.agent-loop/initiatives/WS-REV-001-review-revision-lifecycle/INTENT.md	.commitrail/initiatives/WS-REV-001/pre-cutover/INTENT.md	541cd397e298ab3acab694a69e7b9c4fcc4f7b18
.agent-loop/initiatives/WS-REV-001-review-revision-lifecycle/PLAN.md	.commitrail/initiatives/WS-REV-001/pre-cutover/PLAN.md	ee28b69065c26f9f18431321576c506a89f7c4dc
.agent-loop/initiatives/WS-REV-001-review-revision-lifecycle/REVIEW_LOG.md	.commitrail/initiatives/WS-REV-001/pre-cutover/REVIEW_LOG.md	5dbb419d0ccd1b7b76f65de58b99db2ee67bb803
.agent-loop/initiatives/WS-REV-001-review-revision-lifecycle/RISKS.md	.commitrail/initiatives/WS-REV-001/pre-cutover/RISKS.md	5ce1be9cb745484624376c0557d46bfefa50cd21
.agent-loop/initiatives/WS-REV-001-review-revision-lifecycle/SOURCE_MANIFEST.md	.commitrail/initiatives/WS-REV-001/pre-cutover/SOURCE_MANIFEST.md	b6495a1f82ad7b607828a108eca2a9e1e0135860
.agent-loop/initiatives/WS-REV-001-review-revision-lifecycle/STATUS.md	.commitrail/initiatives/WS-REV-001/pre-cutover/STATUS.md	2ad7f720830713433b4c7a93877be8b3e83f231b
.agent-loop/initiatives/WS-REV-001-review-revision-lifecycle/TEST_DESIGN_WS-REV-001-02.md	.commitrail/initiatives/WS-REV-001/pre-cutover/TEST_DESIGN_WS-REV-001-02.md	551fce4fb5de810f823f710c97e7334f45d9850a
.agent-loop/initiatives/WS-REV-001-review-revision-lifecycle/chunks/WS-REV-001-01-canonical-contract-adoption.md	.commitrail/initiatives/WS-REV-001/pre-cutover/chunks/WS-REV-001-01-canonical-contract-adoption.md	7aa2d0b024e4f3c4847ffa6d4a27d40816d92cb9
.agent-loop/initiatives/WS-REV-001-review-revision-lifecycle/chunks/WS-REV-001-02-review-policy-task-alignment.md	.commitrail/initiatives/WS-REV-001/pre-cutover/chunks/WS-REV-001-02-review-policy-task-alignment.md	8f0dafaa5c209004a446cb8d25b251fdd2d19a8b
.agent-loop/initiatives/WS-REV-001-review-revision-lifecycle/chunks/WS-REV-001-02A-guide-activation-sequence.md	.commitrail/initiatives/WS-REV-001/pre-cutover/chunks/WS-REV-001-02A-guide-activation-sequence.md	26dc48aee21f0a917ae810d642125c7dbaff43ef
.agent-loop/initiatives/WS-REV-001-review-revision-lifecycle/chunks/WS-REV-001-02A1-project-setup-publication-fence.md	.commitrail/initiatives/WS-REV-001/pre-cutover/chunks/WS-REV-001-02A1-project-setup-publication-fence.md	aa0297aafaafe272e52583428587fb6d68ffd594
.agent-loop/initiatives/WS-REV-001-review-revision-lifecycle/chunks/WS-REV-001-02A2-prepared-guide-reactivation.md	.commitrail/initiatives/WS-REV-001/pre-cutover/chunks/WS-REV-001-02A2-prepared-guide-reactivation.md	9eee166df9855eb694f1f52f4e70864e78bdd802
.agent-loop/initiatives/WS-REV-001-review-revision-lifecycle/chunks/WS-REV-001-02A3-guide-activation-chronology.md	.commitrail/initiatives/WS-REV-001/pre-cutover/chunks/WS-REV-001-02A3-guide-activation-chronology.md	8d784e1d256e937df6aded0e2763eded326f0ebb
.agent-loop/initiatives/WS-REV-001-review-revision-lifecycle/chunks/WS-REV-001-02A4-task-guide-triplet-screening.md	.commitrail/initiatives/WS-REV-001/pre-cutover/chunks/WS-REV-001-02A4-task-guide-triplet-screening.md	9482615a26e7d60eb8099a58cc945abcfc408f72
.agent-loop/initiatives/WS-REV-001-review-revision-lifecycle/chunks/WS-REV-001-02B-review-policy-task-lifecycle.md	.commitrail/initiatives/WS-REV-001/pre-cutover/chunks/WS-REV-001-02B-review-policy-task-lifecycle.md	e99140e48926f5e61a1c135dba854273a0bed0dd
.agent-loop/initiatives/WS-REV-001-review-revision-lifecycle/chunks/WS-REV-001-02C-submission-attribution-lineage.md	.commitrail/initiatives/WS-REV-001/pre-cutover/chunks/WS-REV-001-02C-submission-attribution-lineage.md	9d67609ec5240c1fde6b909dfe404e433da11af9
.agent-loop/initiatives/WS-REV-001-review-revision-lifecycle/chunks/WS-REV-001-03-review-queue-lease-persistence.md	.commitrail/initiatives/WS-REV-001/pre-cutover/chunks/WS-REV-001-03-review-queue-lease-persistence.md	2e7989e75f7791f9a96c910b97f4e168883163e3
.agent-loop/initiatives/WS-REV-001-review-revision-lifecycle/chunks/WS-REV-001-03A-queue-lease-base-persistence.md	.commitrail/initiatives/WS-REV-001/pre-cutover/chunks/WS-REV-001-03A-queue-lease-base-persistence.md	94a15ca2008a4cfbe43f1da0a2f49e417fb4efc7
.agent-loop/initiatives/WS-REV-001-review-revision-lifecycle/chunks/WS-REV-001-03A1-queue-admission-persistence.md	.commitrail/initiatives/WS-REV-001/pre-cutover/chunks/WS-REV-001-03A1-queue-admission-persistence.md	00a3d4b256844042fe80fe32b44cd7c8e5f3619e
.agent-loop/initiatives/WS-REV-001-review-revision-lifecycle/chunks/WS-REV-001-03A2-lease-preference-persistence.md	.commitrail/initiatives/WS-REV-001/pre-cutover/chunks/WS-REV-001-03A2-lease-preference-persistence.md	adeaa2af9ce22dafc6a5969c4f2448e94db4191d
.agent-loop/initiatives/WS-REV-001-review-revision-lifecycle/chunks/WS-REV-001-03P-review-revision-policy-persistence.md	.commitrail/initiatives/WS-REV-001/pre-cutover/chunks/WS-REV-001-03P-review-revision-policy-persistence.md	bd34d6dccd5d26fae33acc52ab9fd02e0c87be2a
.agent-loop/initiatives/WS-REV-001-review-revision-lifecycle/chunks/WS-REV-001-04-review-chain-persistence.md	.commitrail/initiatives/WS-REV-001/pre-cutover/chunks/WS-REV-001-04-review-chain-persistence.md	1692d01fb09f88b78ac1a4f74e2bb1d39ef68285
.agent-loop/initiatives/WS-REV-001-review-revision-lifecycle/chunks/WS-REV-001-05-checker-routing-queue-views.md	.commitrail/initiatives/WS-REV-001/pre-cutover/chunks/WS-REV-001-05-checker-routing-queue-views.md	a5b443dbc70d0cb9731ca1d1346f00f4bde3f4f7
.agent-loop/initiatives/WS-REV-001-review-revision-lifecycle/chunks/WS-REV-001-06-claims-preference-timers.md	.commitrail/initiatives/WS-REV-001/pre-cutover/chunks/WS-REV-001-06-claims-preference-timers.md	a6e565d0e680243ea609c2d7481c460c8ae5a655
.agent-loop/initiatives/WS-REV-001-review-revision-lifecycle/chunks/WS-REV-001-07-review-context-finding-evidence.md	.commitrail/initiatives/WS-REV-001/pre-cutover/chunks/WS-REV-001-07-review-context-finding-evidence.md	452267431e0c8399da1c79ba53c9338ae99188ca
.agent-loop/initiatives/WS-REV-001-review-revision-lifecycle/chunks/WS-REV-001-08-immutable-decision-kernel.md	.commitrail/initiatives/WS-REV-001/pre-cutover/chunks/WS-REV-001-08-immutable-decision-kernel.md	47b1b88557436ea8bf78b7c3ac02ae0ee69bb778
.agent-loop/initiatives/WS-REV-001-review-revision-lifecycle/chunks/WS-REV-001-09A-revision-context-resubmission.md	.commitrail/initiatives/WS-REV-001/pre-cutover/chunks/WS-REV-001-09A-revision-context-resubmission.md	28c4417f3252522fabb27ae143f9096c3ce812cd
.agent-loop/initiatives/WS-REV-001-review-revision-lifecycle/chunks/WS-REV-001-09B-finding-replay-resolution-routing.md	.commitrail/initiatives/WS-REV-001/pre-cutover/chunks/WS-REV-001-09B-finding-replay-resolution-routing.md	9303bab5824ca81cdc0b8bc5e545753d75d021c9
.agent-loop/initiatives/WS-REV-001-review-revision-lifecycle/chunks/WS-REV-001-10-contribution-integration-hidden-composition.md	.commitrail/initiatives/WS-REV-001/pre-cutover/chunks/WS-REV-001-10-contribution-integration-hidden-composition.md	0976bc1b52fb2d689f9959990e1c313ebda19c9b
.agent-loop/initiatives/WS-REV-001-review-revision-lifecycle/chunks/WS-REV-001-11-admin-revocation-reconciliation.md	.commitrail/initiatives/WS-REV-001/pre-cutover/chunks/WS-REV-001-11-admin-revocation-reconciliation.md	7e838918b898c4b4afb1e6f94200b3783aef7f38
.agent-loop/initiatives/WS-REV-001-review-revision-lifecycle/chunks/WS-REV-001-12-projection-observability.md	.commitrail/initiatives/WS-REV-001/pre-cutover/chunks/WS-REV-001-12-projection-observability.md	c328dde554d08dd8715a9a5ebcda13d7b3a89e8f
.agent-loop/initiatives/WS-REV-001-review-revision-lifecycle/chunks/WS-REV-001-12A-joint-lifecycle-release-control.md	.commitrail/initiatives/WS-REV-001/pre-cutover/chunks/WS-REV-001-12A-joint-lifecycle-release-control.md	f2be7b71375ea5fafc4c88acdced36ad320c5dee
.agent-loop/initiatives/WS-REV-001-review-revision-lifecycle/chunks/WS-REV-001-13-live-drill-docs-release.md	.commitrail/initiatives/WS-REV-001/pre-cutover/chunks/WS-REV-001-13-live-drill-docs-release.md	a5ceb19b963aab5d46e81bb5d185167fb1ac8a48
.agent-loop/initiatives/WS-REV-001-review-revision-lifecycle/chunks/WS-REV-001-PLAN-review-revision-lifecycle-planning.md	.commitrail/initiatives/WS-REV-001/pre-cutover/chunks/WS-REV-001-PLAN-review-revision-lifecycle-planning.md	0b66001859f256b2869999742660a00eb366c80e
.agent-loop/initiatives/WS-REV-001-review-revision-lifecycle/chunks/WS-REV-001-PLAN2-runtime-readiness-plan-refresh.md	.commitrail/initiatives/WS-REV-001/pre-cutover/chunks/WS-REV-001-PLAN2-runtime-readiness-plan-refresh.md	ffae7bb316ad11c8dda3d99bc31bc2e10b4c1759
.agent-loop/initiatives/WS-REV-001-review-revision-lifecycle/chunks/WS-REV-001-PLAN3-allow-review-boundary-reset.md	.commitrail/initiatives/WS-REV-001/pre-cutover/chunks/WS-REV-001-PLAN3-allow-review-boundary-reset.md	101bc28e6b45c22a15ff24cd936280ee4cca1bd6
.agent-loop/initiatives/WS-REV-001-review-revision-lifecycle/chunks/WS-REV-001-PLAN4-current-main-end-to-end-refresh.md	.commitrail/initiatives/WS-REV-001/pre-cutover/chunks/WS-REV-001-PLAN4-current-main-end-to-end-refresh.md	403b93091599f448606469e79bde32377093089c
.agent-loop/initiatives/WS-REV-001-review-revision-lifecycle/reviews/WS-REV-001-01-external-review-response.md	.commitrail/initiatives/WS-REV-001/pre-cutover/reviews/WS-REV-001-01-external-review-response.md	92de4c867736751661e1165cd88f9d79c70b2a3f
.agent-loop/initiatives/WS-REV-001-review-revision-lifecycle/reviews/WS-REV-001-01-internal-review-evidence.md	.commitrail/initiatives/WS-REV-001/pre-cutover/reviews/WS-REV-001-01-internal-review-evidence.md	4416d46695150dcf83683437791ff2a2f95358ee
.agent-loop/initiatives/WS-REV-001-review-revision-lifecycle/reviews/WS-REV-001-01-pr-trust-bundle.md	.commitrail/initiatives/WS-REV-001/pre-cutover/reviews/WS-REV-001-01-pr-trust-bundle.md	58872d6aa90a73345ecebf1268b23add1b78ef7f
.agent-loop/initiatives/WS-REV-001-review-revision-lifecycle/reviews/WS-REV-001-01-reviewed-scope.txt	.commitrail/initiatives/WS-REV-001/pre-cutover/reviews/WS-REV-001-01-reviewed-scope.txt	fe3feb2dcc20d1d40924b9e59e2949ca452a12b0
.agent-loop/initiatives/WS-REV-001-review-revision-lifecycle/reviews/WS-REV-001-02-external-review-response.md	.commitrail/initiatives/WS-REV-001/pre-cutover/reviews/WS-REV-001-02-external-review-response.md	42c727b6984dbc5706e3b3ef01b4798c6bd8cd54
.agent-loop/initiatives/WS-REV-001-review-revision-lifecycle/reviews/WS-REV-001-02-internal-review-evidence.md	.commitrail/initiatives/WS-REV-001/pre-cutover/reviews/WS-REV-001-02-internal-review-evidence.md	f9695749a05e821aa74dd593ea6e370b20ea9baa
.agent-loop/initiatives/WS-REV-001-review-revision-lifecycle/reviews/WS-REV-001-02-pr-trust-bundle.md	.commitrail/initiatives/WS-REV-001/pre-cutover/reviews/WS-REV-001-02-pr-trust-bundle.md	46530a75f4d2f2caa664de78a592bbc30146b5b0
.agent-loop/initiatives/WS-REV-001-review-revision-lifecycle/reviews/WS-REV-001-02A-external-review-response.md	.commitrail/initiatives/WS-REV-001/pre-cutover/reviews/WS-REV-001-02A-external-review-response.md	3a897be08d191802f5d1d2849620b02fb7652c1a
.agent-loop/initiatives/WS-REV-001-review-revision-lifecycle/reviews/WS-REV-001-02A-internal-review-evidence.md	.commitrail/initiatives/WS-REV-001/pre-cutover/reviews/WS-REV-001-02A-internal-review-evidence.md	3425eedc5d387f7b99045a9b4bf6453d28f3b465
.agent-loop/initiatives/WS-REV-001-review-revision-lifecycle/reviews/WS-REV-001-02A-pr-trust-bundle.md	.commitrail/initiatives/WS-REV-001/pre-cutover/reviews/WS-REV-001-02A-pr-trust-bundle.md	ce6a9dc9e26990aee37898307abbf06efb9634c7
.agent-loop/initiatives/WS-REV-001-review-revision-lifecycle/reviews/WS-REV-001-03A1-external-review-response.md	.commitrail/initiatives/WS-REV-001/pre-cutover/reviews/WS-REV-001-03A1-external-review-response.md	ab3ab420b4c3262fa709672388f033c01a842c71
.agent-loop/initiatives/WS-REV-001-review-revision-lifecycle/reviews/WS-REV-001-03A1-internal-review-evidence.md	.commitrail/initiatives/WS-REV-001/pre-cutover/reviews/WS-REV-001-03A1-internal-review-evidence.md	88b3e2d1286887360d07ab76f3d113bd58b19ee4
.agent-loop/initiatives/WS-REV-001-review-revision-lifecycle/reviews/WS-REV-001-03A1-pr-trust-bundle.md	.commitrail/initiatives/WS-REV-001/pre-cutover/reviews/WS-REV-001-03A1-pr-trust-bundle.md	efafb7fa036ea1db6f65e290c09271d62cb5c673
.agent-loop/initiatives/WS-REV-001-review-revision-lifecycle/reviews/WS-REV-001-03A2-internal-review-evidence.md	.commitrail/initiatives/WS-REV-001/pre-cutover/reviews/WS-REV-001-03A2-internal-review-evidence.md	a026c44f39931b803d58d6daff9e9c88c60282a2
.agent-loop/initiatives/WS-REV-001-review-revision-lifecycle/reviews/WS-REV-001-03A2-pr-trust-bundle.md	.commitrail/initiatives/WS-REV-001/pre-cutover/reviews/WS-REV-001-03A2-pr-trust-bundle.md	111ca874d17b3308c836cfff46b0b3f88cd90c49
.agent-loop/initiatives/WS-REV-001-review-revision-lifecycle/reviews/WS-REV-001-ART-02A2-dependency-review.md	.commitrail/initiatives/WS-REV-001/pre-cutover/reviews/WS-REV-001-ART-02A2-dependency-review.md	670c70a20567c9d53333d76edad3b2a5f0acb9fb
.agent-loop/initiatives/WS-REV-001-review-revision-lifecycle/reviews/WS-REV-001-AUTH-07B-dependency-review.md	.commitrail/initiatives/WS-REV-001/pre-cutover/reviews/WS-REV-001-AUTH-07B-dependency-review.md	33a510c03760eee0d6ceccd21500d020a73a0b5a
.agent-loop/initiatives/WS-REV-001-review-revision-lifecycle/reviews/WS-REV-001-AUTH-08-dependency-review.md	.commitrail/initiatives/WS-REV-001/pre-cutover/reviews/WS-REV-001-AUTH-08-dependency-review.md	21370b74a769f5d62c4a1322c4e7953e33a4149c
.agent-loop/initiatives/WS-REV-001-review-revision-lifecycle/reviews/WS-REV-001-PLAN-external-review-response.md	.commitrail/initiatives/WS-REV-001/pre-cutover/reviews/WS-REV-001-PLAN-external-review-response.md	9ce4a4bba9ca55fc59e1a369f8b3f9c7ee4ae2b5
.agent-loop/initiatives/WS-REV-001-review-revision-lifecycle/reviews/WS-REV-001-PLAN-internal-review-evidence.md	.commitrail/initiatives/WS-REV-001/pre-cutover/reviews/WS-REV-001-PLAN-internal-review-evidence.md	6a3c590ebf5166a065a13fb7acb2def3a967f080
.agent-loop/initiatives/WS-REV-001-review-revision-lifecycle/reviews/WS-REV-001-PLAN-pr-trust-bundle.md	.commitrail/initiatives/WS-REV-001/pre-cutover/reviews/WS-REV-001-PLAN-pr-trust-bundle.md	97d899f5a2b41d64502ea528d13da15da79b8b21
.agent-loop/initiatives/WS-REV-001-review-revision-lifecycle/reviews/WS-REV-001-PLAN2-external-review-response.md	.commitrail/initiatives/WS-REV-001/pre-cutover/reviews/WS-REV-001-PLAN2-external-review-response.md	dcf22fc6318f656268120069c595f598c57cbb68
.agent-loop/initiatives/WS-REV-001-review-revision-lifecycle/reviews/WS-REV-001-PLAN2-internal-review-evidence.md	.commitrail/initiatives/WS-REV-001/pre-cutover/reviews/WS-REV-001-PLAN2-internal-review-evidence.md	16179ebb8a569bf37fec0dcb45a028b881c76727
.agent-loop/initiatives/WS-REV-001-review-revision-lifecycle/reviews/WS-REV-001-PLAN2-pr-trust-bundle.md	.commitrail/initiatives/WS-REV-001/pre-cutover/reviews/WS-REV-001-PLAN2-pr-trust-bundle.md	f68a35bd3c79ee1940bd3762a27147b5431392e2
.agent-loop/initiatives/WS-REV-001-review-revision-lifecycle/reviews/WS-REV-001-PLAN3-external-review-response.md	.commitrail/initiatives/WS-REV-001/pre-cutover/reviews/WS-REV-001-PLAN3-external-review-response.md	b3faad79fc5673d1aab574dcda50cef36688244f
.agent-loop/initiatives/WS-REV-001-review-revision-lifecycle/reviews/WS-REV-001-PLAN3-internal-review-evidence.md	.commitrail/initiatives/WS-REV-001/pre-cutover/reviews/WS-REV-001-PLAN3-internal-review-evidence.md	69008d09f8cbfa798f3472b0a29199eeff383e04
.agent-loop/initiatives/WS-REV-001-review-revision-lifecycle/reviews/WS-REV-001-PLAN3-pr-trust-bundle.md	.commitrail/initiatives/WS-REV-001/pre-cutover/reviews/WS-REV-001-PLAN3-pr-trust-bundle.md	509b123e30d17470a61036b98c971571216a1ac1
.agent-loop/initiatives/WS-REV-001-review-revision-lifecycle/reviews/WS-REV-001-PLAN4-internal-review-evidence.md	.commitrail/initiatives/WS-REV-001/pre-cutover/reviews/WS-REV-001-PLAN4-internal-review-evidence.md	233257a4e7936a9da90edd184f51559b3ac583be
.agent-loop/initiatives/WS-XINT-002-art-auth-end-to-end/CHUNK_MAP.md	.commitrail/initiatives/WS-XINT-002/pre-cutover/CHUNK_MAP.md	6fe30730521bc7acf19790fc78cc02a45b614c14
.agent-loop/initiatives/WS-XINT-002-art-auth-end-to-end/DECISIONS.md	.commitrail/initiatives/WS-XINT-002/pre-cutover/DECISIONS.md	a713b9d380906c9febbdefc1777387e5e6bd8ab7
.agent-loop/initiatives/WS-XINT-002-art-auth-end-to-end/DISCOVERY.md	.commitrail/initiatives/WS-XINT-002/pre-cutover/DISCOVERY.md	505b691c849a5d35e998df9e0713f0cfe9bd35d1
.agent-loop/initiatives/WS-XINT-002-art-auth-end-to-end/INTENT.md	.commitrail/initiatives/WS-XINT-002/pre-cutover/INTENT.md	fbb80e95adca350192fccbd2c1add4de03723549
.agent-loop/initiatives/WS-XINT-002-art-auth-end-to-end/PLAN.md	.commitrail/initiatives/WS-XINT-002/pre-cutover/PLAN.md	b42e3c478f998ab12561ad923551916d206108fc
.agent-loop/initiatives/WS-XINT-002-art-auth-end-to-end/REVIEW_LOG.md	.commitrail/initiatives/WS-XINT-002/pre-cutover/REVIEW_LOG.md	ae866be5c60e30d21f804fab9681cc02dd42e254
.agent-loop/initiatives/WS-XINT-002-art-auth-end-to-end/RISKS.md	.commitrail/initiatives/WS-XINT-002/pre-cutover/RISKS.md	39c29b7b3dc565b2da975552f357df9f2b9a7cf0
.agent-loop/initiatives/WS-XINT-002-art-auth-end-to-end/STATUS.md	.commitrail/initiatives/WS-XINT-002/pre-cutover/STATUS.md	cb46951d37ca4b7ed7c82206af4132d0dbed417b
.agent-loop/initiatives/WS-XINT-002-art-auth-end-to-end/chunks/WS-XINT-002-01-catalogue-reconciliation.md	.commitrail/initiatives/WS-XINT-002/pre-cutover/chunks/WS-XINT-002-01-catalogue-reconciliation.md	1c5dd468852fc901248fae8762cab0879919b9c7
.agent-loop/initiatives/WS-XINT-002-art-auth-end-to-end/chunks/WS-XINT-002-02-prepared-feature-boundaries.md	.commitrail/initiatives/WS-XINT-002/pre-cutover/chunks/WS-XINT-002-02-prepared-feature-boundaries.md	90efdefddfe8ec5941d8d4ea46e04143557eb11c
.agent-loop/initiatives/WS-XINT-002-art-auth-end-to-end/chunks/WS-XINT-002-03-internal-worker-activation.md	.commitrail/initiatives/WS-XINT-002/pre-cutover/chunks/WS-XINT-002-03-internal-worker-activation.md	1c187c123f2879de700d0e8a664a7c50fcf8b05f
.agent-loop/initiatives/WS-XINT-002-art-auth-end-to-end/chunks/WS-XINT-002-04A-guide-ingest-activation.md	.commitrail/initiatives/WS-XINT-002/pre-cutover/chunks/WS-XINT-002-04A-guide-ingest-activation.md	85dd8794d7a4f10858534616c2112be36681019b
.agent-loop/initiatives/WS-XINT-002-art-auth-end-to-end/chunks/WS-XINT-002-04B-guide-read-binding-activation.md	.commitrail/initiatives/WS-XINT-002/pre-cutover/chunks/WS-XINT-002-04B-guide-read-binding-activation.md	c96f9e2556e63e0482d20841fe2719c72ad08061
.agent-loop/initiatives/WS-XINT-002-art-auth-end-to-end/chunks/WS-XINT-002-05A-initial-submission-preparation.md	.commitrail/initiatives/WS-XINT-002/pre-cutover/chunks/WS-XINT-002-05A-initial-submission-preparation.md	234178cca04e32f424cf9f92c956d6941f8e9225
.agent-loop/initiatives/WS-XINT-002-art-auth-end-to-end/chunks/WS-XINT-002-05B-submission-binding-consumption.md	.commitrail/initiatives/WS-XINT-002/pre-cutover/chunks/WS-XINT-002-05B-submission-binding-consumption.md	f78819da56c8990484b8c35656eadfb284a4713e
.agent-loop/initiatives/WS-XINT-002-art-auth-end-to-end/chunks/WS-XINT-002-05C-checker-remediation-submission.md	.commitrail/initiatives/WS-XINT-002/pre-cutover/chunks/WS-XINT-002-05C-checker-remediation-submission.md	ce4e20909583c50f95d6ab3f2d7c94a7906d0593
.agent-loop/initiatives/WS-XINT-002-art-auth-end-to-end/chunks/WS-XINT-002-05D-human-review-revision.md	.commitrail/initiatives/WS-XINT-002/pre-cutover/chunks/WS-XINT-002-05D-human-review-revision.md	df40669908d3c1d84aec1748b4d8a4d24d81fcaf
.agent-loop/initiatives/WS-XINT-002-art-auth-end-to-end/chunks/WS-XINT-002-06-checker-activation.md	.commitrail/initiatives/WS-XINT-002/pre-cutover/chunks/WS-XINT-002-06-checker-activation.md	fa4bf6d1d061a51c6b71fe66426356094c041962
.agent-loop/initiatives/WS-XINT-002-art-auth-end-to-end/chunks/WS-XINT-002-06A-pre-submit-materialization-activation.md	.commitrail/initiatives/WS-XINT-002/pre-cutover/chunks/WS-XINT-002-06A-pre-submit-materialization-activation.md	72304280b21f1276706d9dee71f61134a6a22cb1
.agent-loop/initiatives/WS-XINT-002-art-auth-end-to-end/chunks/WS-XINT-002-06B-post-submit-checker-activation.md	.commitrail/initiatives/WS-XINT-002/pre-cutover/chunks/WS-XINT-002-06B-post-submit-checker-activation.md	88e3a4bf34e24331739f3f61d10f57303e840032
.agent-loop/initiatives/WS-XINT-002-art-auth-end-to-end/chunks/WS-XINT-002-07-review-artifact-activation.md	.commitrail/initiatives/WS-XINT-002/pre-cutover/chunks/WS-XINT-002-07-review-artifact-activation.md	25069fdfc95cce4ca19ae4c49fa3f32d6d9ba216
.agent-loop/initiatives/WS-XINT-002-art-auth-end-to-end/chunks/WS-XINT-002-07A-reviewer-artifact-activation.md	.commitrail/initiatives/WS-XINT-002/pre-cutover/chunks/WS-XINT-002-07A-reviewer-artifact-activation.md	8619aa10c3835f945ba0c75bfcf3b9c0dd1b5a83
.agent-loop/initiatives/WS-XINT-002-art-auth-end-to-end/chunks/WS-XINT-002-07B-response-artifact-extension.md	.commitrail/initiatives/WS-XINT-002/pre-cutover/chunks/WS-XINT-002-07B-response-artifact-extension.md	bbe85665122d2566743bd87f8ae8f181e8006baa
.agent-loop/initiatives/WS-XINT-002-art-auth-end-to-end/chunks/WS-XINT-002-08-conformance.md	.commitrail/initiatives/WS-XINT-002/pre-cutover/chunks/WS-XINT-002-08-conformance.md	860c71b6b6157f5214ccaa746632ec6f019e025e
.agent-loop/initiatives/WS-XINT-002-art-auth-end-to-end/reviews/WS-XINT-002-01-external-review-response.md	.commitrail/initiatives/WS-XINT-002/pre-cutover/reviews/WS-XINT-002-01-external-review-response.md	c0efc9de9a8ab59c0ced0634d2f7a8dd247c8674
.agent-loop/initiatives/WS-XINT-002-art-auth-end-to-end/reviews/WS-XINT-002-01-internal-review.md	.commitrail/initiatives/WS-XINT-002/pre-cutover/reviews/WS-XINT-002-01-internal-review.md	b3eaf122905302ef6863ad6bf52c43144e02d7ff
.agent-loop/initiatives/WS-XINT-002-art-auth-end-to-end/reviews/WS-XINT-002-01-pr-trust-bundle.md	.commitrail/initiatives/WS-XINT-002/pre-cutover/reviews/WS-XINT-002-01-pr-trust-bundle.md	6771dfd69385bd9ebfa48c41feac7fb038a0e182
.agent-loop/initiatives/WS-XINT-002-art-auth-end-to-end/reviews/WS-XINT-002-02-external-review-response.md	.commitrail/initiatives/WS-XINT-002/pre-cutover/reviews/WS-XINT-002-02-external-review-response.md	d79ce0f3c857ee3973ccae9b81d988f497a8788b
.agent-loop/initiatives/WS-XINT-002-art-auth-end-to-end/reviews/WS-XINT-002-02-internal-review.md	.commitrail/initiatives/WS-XINT-002/pre-cutover/reviews/WS-XINT-002-02-internal-review.md	78b04d8e1ad5ae952ea4bbfa84eb68fe908361b6
.agent-loop/initiatives/WS-XINT-002-art-auth-end-to-end/reviews/WS-XINT-002-02-pr-trust-bundle.md	.commitrail/initiatives/WS-XINT-002/pre-cutover/reviews/WS-XINT-002-02-pr-trust-bundle.md	9e486e893b21cdf389daefdf936dbe0078a4a5cd
.agent-loop/initiatives/WS-XINT-002-art-auth-end-to-end/reviews/WS-XINT-002-03-external-review-response.md	.commitrail/initiatives/WS-XINT-002/pre-cutover/reviews/WS-XINT-002-03-external-review-response.md	d529e09859fe84f82e1b6a219eb9ca823f1baf29
.agent-loop/initiatives/WS-XINT-002-art-auth-end-to-end/reviews/WS-XINT-002-03-internal-review.md	.commitrail/initiatives/WS-XINT-002/pre-cutover/reviews/WS-XINT-002-03-internal-review.md	672794f62d766c843d8d5ec4b6ecf4898d20a223
.agent-loop/initiatives/WS-XINT-002-art-auth-end-to-end/reviews/WS-XINT-002-03-pr-trust-bundle.md	.commitrail/initiatives/WS-XINT-002/pre-cutover/reviews/WS-XINT-002-03-pr-trust-bundle.md	f7dc615d6ad29919861add2677eb3400708e26da
.agent-loop/initiatives/WS-XINT-002-art-auth-end-to-end/reviews/WS-XINT-002-04A-external-review-response.md	.commitrail/initiatives/WS-XINT-002/pre-cutover/reviews/WS-XINT-002-04A-external-review-response.md	201e7e3283aafb6c36ed56a5310d3140016f30db
.agent-loop/initiatives/WS-XINT-002-art-auth-end-to-end/reviews/WS-XINT-002-04A-internal-review.md	.commitrail/initiatives/WS-XINT-002/pre-cutover/reviews/WS-XINT-002-04A-internal-review.md	8c66e000faf0890bf9f9482d201f9e2b0fe6522b
.agent-loop/initiatives/WS-XINT-002-art-auth-end-to-end/reviews/WS-XINT-002-04A-pr-trust-bundle.md	.commitrail/initiatives/WS-XINT-002/pre-cutover/reviews/WS-XINT-002-04A-pr-trust-bundle.md	16c30060757af8c5a589cbdd27c26ec18a4805b7
.agent-loop/initiatives/WS-XINT-002-art-auth-end-to-end/reviews/WS-XINT-002-04B-external-review-response.md	.commitrail/initiatives/WS-XINT-002/pre-cutover/reviews/WS-XINT-002-04B-external-review-response.md	dd33db5f888a6c3a8b781456ea65fd191d10bbf8
.agent-loop/initiatives/WS-XINT-002-art-auth-end-to-end/reviews/WS-XINT-002-04B-internal-review.md	.commitrail/initiatives/WS-XINT-002/pre-cutover/reviews/WS-XINT-002-04B-internal-review.md	8ee8c888fbf7d889779d770f4e0a20a3c610d65e
.agent-loop/initiatives/WS-XINT-002-art-auth-end-to-end/reviews/WS-XINT-002-04B-pr-trust-bundle.md	.commitrail/initiatives/WS-XINT-002/pre-cutover/reviews/WS-XINT-002-04B-pr-trust-bundle.md	bfe38eb730eaa1ad8651509c07fc74858d62f991
.agent-loop/initiatives/WS-XINT-002-art-auth-end-to-end/reviews/WS-XINT-002-04B-preimplementation-review.md	.commitrail/initiatives/WS-XINT-002/pre-cutover/reviews/WS-XINT-002-04B-preimplementation-review.md	b2bd3f26366a5ec94ead0a2eac84ca0e744bb516
.agent-loop/initiatives/WS-XINT-002-art-auth-end-to-end/reviews/WS-XINT-002-06A-internal-review.md	.commitrail/initiatives/WS-XINT-002/pre-cutover/reviews/WS-XINT-002-06A-internal-review.md	61ffd6ddce1e60d7fef17b02e3b51947cab5c0d8
.agent-loop/initiatives/WS-XINT-002-art-auth-end-to-end/reviews/WS-XINT-002-06A-pr-trust-bundle.md	.commitrail/initiatives/WS-XINT-002/pre-cutover/reviews/WS-XINT-002-06A-pr-trust-bundle.md	ad17e88122a0f43a95be0ce92815c231b92e9d91
.agent-loop/initiatives/WS-XINT-002-art-auth-end-to-end/reviews/WS-XINT-002-PLAN-external-review-response.md	.commitrail/initiatives/WS-XINT-002/pre-cutover/reviews/WS-XINT-002-PLAN-external-review-response.md	ba05dcc6cd7c21a3a433de28a59da2a4ea04515f
.agent-loop/initiatives/WS-XINT-002-art-auth-end-to-end/reviews/WS-XINT-002-PLAN-pr-trust-bundle.md	.commitrail/initiatives/WS-XINT-002/pre-cutover/reviews/WS-XINT-002-PLAN-pr-trust-bundle.md	82ca6937cd3415ad019a216ed720dcefe947daf3
.agent-loop/initiatives/WS-XINT-003-rev-auth-end-to-end/ACTION_CUSTODY.md	.commitrail/initiatives/WS-XINT-003/pre-cutover/ACTION_CUSTODY.md	f37db836293339f9441ca11835c9ab1ca27c856a
.agent-loop/initiatives/WS-XINT-003-rev-auth-end-to-end/CHUNK_MAP.md	.commitrail/initiatives/WS-XINT-003/pre-cutover/CHUNK_MAP.md	f10085e26b9a98cd6c4479ad4675a42d5aa13f0e
.agent-loop/initiatives/WS-XINT-003-rev-auth-end-to-end/DECISIONS.md	.commitrail/initiatives/WS-XINT-003/pre-cutover/DECISIONS.md	7fda45243e6a937b3e60bcb14cc0f65e1e8f3a5e
.agent-loop/initiatives/WS-XINT-003-rev-auth-end-to-end/DISCOVERY.md	.commitrail/initiatives/WS-XINT-003/pre-cutover/DISCOVERY.md	ecebde58c3bbc0446eba907fc36403644dadd61d
.agent-loop/initiatives/WS-XINT-003-rev-auth-end-to-end/INTENT.md	.commitrail/initiatives/WS-XINT-003/pre-cutover/INTENT.md	a97a80c10f1be7e7573720e99b8c73fd43269e94
.agent-loop/initiatives/WS-XINT-003-rev-auth-end-to-end/PLAN.md	.commitrail/initiatives/WS-XINT-003/pre-cutover/PLAN.md	4841e21a2f4792d4cbed871f7b47417442e33217
.agent-loop/initiatives/WS-XINT-003-rev-auth-end-to-end/REVIEW_LOG.md	.commitrail/initiatives/WS-XINT-003/pre-cutover/REVIEW_LOG.md	d58a5946a655be2741de1df396d3a4b4345b924f
.agent-loop/initiatives/WS-XINT-003-rev-auth-end-to-end/RISKS.md	.commitrail/initiatives/WS-XINT-003/pre-cutover/RISKS.md	5a07c1ee0f17408738e6a2f5636f623640dd1003
.agent-loop/initiatives/WS-XINT-003-rev-auth-end-to-end/STATUS.md	.commitrail/initiatives/WS-XINT-003/pre-cutover/STATUS.md	0235ece9b44c105f0fad4fa17595c0b8b479350a
.agent-loop/initiatives/WS-XINT-003-rev-auth-end-to-end/chunks/WS-XINT-003-01-contract-reconciliation.md	.commitrail/initiatives/WS-XINT-003/pre-cutover/chunks/WS-XINT-003-01-contract-reconciliation.md	3c547b1379ed80c0961b03defa296d3e66d71e3e
.agent-loop/initiatives/WS-XINT-003-rev-auth-end-to-end/chunks/WS-XINT-003-02-policy-mutation-activation.md	.commitrail/initiatives/WS-XINT-003/pre-cutover/chunks/WS-XINT-003-02-policy-mutation-activation.md	c3c5142ad6191c069244afedced7563ff9280869
.agent-loop/initiatives/WS-XINT-003-rev-auth-end-to-end/chunks/WS-XINT-003-02A-policy-identity-lineage.md	.commitrail/initiatives/WS-XINT-003/pre-cutover/chunks/WS-XINT-003-02A-policy-identity-lineage.md	a6d0a13b3a87e570ee2208d30ca116454b2c9b06
.agent-loop/initiatives/WS-XINT-003-rev-auth-end-to-end/chunks/WS-XINT-003-02B-policy-mutation-activation.md	.commitrail/initiatives/WS-XINT-003/pre-cutover/chunks/WS-XINT-003-02B-policy-mutation-activation.md	8582a500902504f9db4cb190eadb45892d207770
.agent-loop/initiatives/WS-XINT-003-rev-auth-end-to-end/chunks/WS-XINT-003-02C-auth-catalogue-principal-readiness.md	.commitrail/initiatives/WS-XINT-003/pre-cutover/chunks/WS-XINT-003-02C-auth-catalogue-principal-readiness.md	f6b6384dab43e67d81c6694af9b79196edc1551c
.agent-loop/initiatives/WS-XINT-003-rev-auth-end-to-end/chunks/WS-XINT-003-02D-auth-prep-integration-readiness.md	.commitrail/initiatives/WS-XINT-003/pre-cutover/chunks/WS-XINT-003-02D-auth-prep-integration-readiness.md	00dd4dfcfdb0ee67df5787b2c9327a33f5d13bc8
.agent-loop/initiatives/WS-XINT-003-rev-auth-end-to-end/chunks/WS-XINT-003-03A-reviewer-lease-activation.md	.commitrail/initiatives/WS-XINT-003/pre-cutover/chunks/WS-XINT-003-03A-reviewer-lease-activation.md	4045caf330d7aff9139a081e3f1ab5557793c6ee
.agent-loop/initiatives/WS-XINT-003-rev-auth-end-to-end/chunks/WS-XINT-003-03B-lease-service-activation.md	.commitrail/initiatives/WS-XINT-003/pre-cutover/chunks/WS-XINT-003-03B-lease-service-activation.md	973d83c33294a4bc89cf929c91afcd627affd30b
.agent-loop/initiatives/WS-XINT-003-rev-auth-end-to-end/chunks/WS-XINT-003-03C-release-decline-activation.md	.commitrail/initiatives/WS-XINT-003/pre-cutover/chunks/WS-XINT-003-03C-release-decline-activation.md	b658dd81da661ee64ddd61d675781b61508d0740
.agent-loop/initiatives/WS-XINT-003-rev-auth-end-to-end/chunks/WS-XINT-003-03D-timer-service-activation.md	.commitrail/initiatives/WS-XINT-003/pre-cutover/chunks/WS-XINT-003-03D-timer-service-activation.md	7f3c2be97cc2a45768740442bf7a56e23b91da79
.agent-loop/initiatives/WS-XINT-003-rev-auth-end-to-end/chunks/WS-XINT-003-04-review-context-activation.md	.commitrail/initiatives/WS-XINT-003/pre-cutover/chunks/WS-XINT-003-04-review-context-activation.md	3fac71c6e4ab70c36b6b37b45b683f8fbfb9b12f
.agent-loop/initiatives/WS-XINT-003-rev-auth-end-to-end/chunks/WS-XINT-003-05-review-evidence-activation.md	.commitrail/initiatives/WS-XINT-003/pre-cutover/chunks/WS-XINT-003-05-review-evidence-activation.md	0c525e006c78133802ca788b674e64ad6f04c0cd
.agent-loop/initiatives/WS-XINT-003-rev-auth-end-to-end/chunks/WS-XINT-003-06-review-decision-activation.md	.commitrail/initiatives/WS-XINT-003/pre-cutover/chunks/WS-XINT-003-06-review-decision-activation.md	578229d00ba6cb15bdfea1eed637cb76357aefcc
.agent-loop/initiatives/WS-XINT-003-rev-auth-end-to-end/chunks/WS-XINT-003-07-human-revision-activation.md	.commitrail/initiatives/WS-XINT-003/pre-cutover/chunks/WS-XINT-003-07-human-revision-activation.md	6c4aa63865f65422397eb7cb5ebecabd86bfdb6d
.agent-loop/initiatives/WS-XINT-003-rev-auth-end-to-end/chunks/WS-XINT-003-08A-review-recovery-activation.md	.commitrail/initiatives/WS-XINT-003/pre-cutover/chunks/WS-XINT-003-08A-review-recovery-activation.md	88365c2d8a2ae9e05dcec8c2e4783598fb31d305
.agent-loop/initiatives/WS-XINT-003-rev-auth-end-to-end/chunks/WS-XINT-003-08B-review-service-activation.md	.commitrail/initiatives/WS-XINT-003/pre-cutover/chunks/WS-XINT-003-08B-review-service-activation.md	9eee81fe1dfa1c54f8575465175b50bfd861a256
.agent-loop/initiatives/WS-XINT-003-rev-auth-end-to-end/chunks/WS-XINT-003-08R-lifecycle-action-registration.md	.commitrail/initiatives/WS-XINT-003/pre-cutover/chunks/WS-XINT-003-08R-lifecycle-action-registration.md	cc89aa5308864dddaf5738b4bc500c09ed209016
.agent-loop/initiatives/WS-XINT-003-rev-auth-end-to-end/chunks/WS-XINT-003-09-conformance-release.md	.commitrail/initiatives/WS-XINT-003/pre-cutover/chunks/WS-XINT-003-09-conformance-release.md	cc3ad6a89dab9b838ca2896d00ee74e62cbe89f4
.agent-loop/initiatives/WS-XINT-003-rev-auth-end-to-end/reviews/WS-XINT-003-01-external-review-response.md	.commitrail/initiatives/WS-XINT-003/pre-cutover/reviews/WS-XINT-003-01-external-review-response.md	d3bcd8f97a461d901c51a98b7ac3bddb179f3d87
.agent-loop/initiatives/WS-XINT-003-rev-auth-end-to-end/reviews/WS-XINT-003-01-internal-review.md	.commitrail/initiatives/WS-XINT-003/pre-cutover/reviews/WS-XINT-003-01-internal-review.md	620e63aada3f6f6426fafac75cd1de5e590203f8
.agent-loop/initiatives/WS-XINT-003-rev-auth-end-to-end/reviews/WS-XINT-003-01-pr-trust-bundle.md	.commitrail/initiatives/WS-XINT-003/pre-cutover/reviews/WS-XINT-003-01-pr-trust-bundle.md	d7eba8d6f439ac3d23bf977445481a64c9cbbed1
.agent-loop/initiatives/WS-XINT-003-rev-auth-end-to-end/reviews/WS-XINT-003-02A-external-review-response.md	.commitrail/initiatives/WS-XINT-003/pre-cutover/reviews/WS-XINT-003-02A-external-review-response.md	660b149dc3c1a0126c1bf9ccdee8e5f3720b96d3
.agent-loop/initiatives/WS-XINT-003-rev-auth-end-to-end/reviews/WS-XINT-003-02A-internal-review.md	.commitrail/initiatives/WS-XINT-003/pre-cutover/reviews/WS-XINT-003-02A-internal-review.md	e47ecef5d2c0adaf3ea6d43963087ce245fe580b
.agent-loop/initiatives/WS-XINT-003-rev-auth-end-to-end/reviews/WS-XINT-003-02A-pr-trust-bundle.md	.commitrail/initiatives/WS-XINT-003/pre-cutover/reviews/WS-XINT-003-02A-pr-trust-bundle.md	201e054c264312383ac6dfe6cc95783a5e82d3cb
.agent-loop/initiatives/WS-XINT-003-rev-auth-end-to-end/reviews/WS-XINT-003-02A-preimplementation-review.md	.commitrail/initiatives/WS-XINT-003/pre-cutover/reviews/WS-XINT-003-02A-preimplementation-review.md	f548d486a543776a262903c4f89d380705b7e419
.agent-loop/initiatives/WS-XINT-003-rev-auth-end-to-end/reviews/WS-XINT-003-02B-external-review-response.md	.commitrail/initiatives/WS-XINT-003/pre-cutover/reviews/WS-XINT-003-02B-external-review-response.md	38cc67cdd613f99340d690c84081241e04433d99
.agent-loop/initiatives/WS-XINT-003-rev-auth-end-to-end/reviews/WS-XINT-003-02B-internal-review.md	.commitrail/initiatives/WS-XINT-003/pre-cutover/reviews/WS-XINT-003-02B-internal-review.md	46d13bb42ded9d2aff4350a4be3f2c315a4a08b4
.agent-loop/initiatives/WS-XINT-003-rev-auth-end-to-end/reviews/WS-XINT-003-02B-pr-trust-bundle.md	.commitrail/initiatives/WS-XINT-003/pre-cutover/reviews/WS-XINT-003-02B-pr-trust-bundle.md	ceec4edcd24b637047cf998b80bcb17df59e9888
.agent-loop/initiatives/WS-XINT-003-rev-auth-end-to-end/reviews/WS-XINT-003-02C-external-review-response.md	.commitrail/initiatives/WS-XINT-003/pre-cutover/reviews/WS-XINT-003-02C-external-review-response.md	d43f84b958e91f739ad90c625f9292c198195548
.agent-loop/initiatives/WS-XINT-003-rev-auth-end-to-end/reviews/WS-XINT-003-02C-internal-review.md	.commitrail/initiatives/WS-XINT-003/pre-cutover/reviews/WS-XINT-003-02C-internal-review.md	ea3e8ea8ad8e801eadf0bc07a17bcf995788bcd4
.agent-loop/initiatives/WS-XINT-003-rev-auth-end-to-end/reviews/WS-XINT-003-02C-pr-trust-bundle.md	.commitrail/initiatives/WS-XINT-003/pre-cutover/reviews/WS-XINT-003-02C-pr-trust-bundle.md	8fad49c09a7b8ecd1daa66896f0b5f26a8580b2e
.agent-loop/initiatives/WS-XINT-003-rev-auth-end-to-end/reviews/WS-XINT-003-02D-external-review-response.md	.commitrail/initiatives/WS-XINT-003/pre-cutover/reviews/WS-XINT-003-02D-external-review-response.md	842faf3b598ad423f3ab869f437e91c3a0c4591e
.agent-loop/initiatives/WS-XINT-003-rev-auth-end-to-end/reviews/WS-XINT-003-02D-internal-review.md	.commitrail/initiatives/WS-XINT-003/pre-cutover/reviews/WS-XINT-003-02D-internal-review.md	ea2d5004a8f01d662e4a1fd77f065634355ab65e
.agent-loop/initiatives/WS-XINT-003-rev-auth-end-to-end/reviews/WS-XINT-003-02D-pr-trust-bundle.md	.commitrail/initiatives/WS-XINT-003/pre-cutover/reviews/WS-XINT-003-02D-pr-trust-bundle.md	ce89e725a60c4bfca11b08e64a504a8263c6d69b
.agent-loop/initiatives/WS-XINT-003-rev-auth-end-to-end/reviews/WS-XINT-003-PLAN-external-review-response.md	.commitrail/initiatives/WS-XINT-003/pre-cutover/reviews/WS-XINT-003-PLAN-external-review-response.md	5caf3e3bb4ac11031a99c14fc500d55a5ba3c214
.agent-loop/initiatives/WS-XINT-003-rev-auth-end-to-end/reviews/WS-XINT-003-PLAN-pr-trust-bundle.md	.commitrail/initiatives/WS-XINT-003/pre-cutover/reviews/WS-XINT-003-PLAN-pr-trust-bundle.md	2f512543ff1db01003e7134fdb0c0151e502ddd7
